日付,受付番号,通番,場名,曜日,レース,式別,馬／組番,購入金額,的中／返還,払戻単価,払戻金額,返還金額
20260104,1.0,1.0,京都,日,1.0,複勝,09,1000.0,的中09,110,1100.0,0.0
20260104,1.0,01,京都,日,1.0,複勝,09,1000.0,的中09,110,1100.0,0.0
20260104,2.0,1.0,中山,日,1.0,複勝,14,1100.0,的中14,110,1210.0,0.0
20260104,2.0,01,中山,日,1.0,複勝,14,1100.0,的中14,110,1210.0,0.0
20260104,3.0,1.0,京都,日,2.0,複勝,04,1200.0,的中04,110,1320.0,0.0
20260104,3.0,01,京都,日,2.0,複勝,04,1200.0,的中04,110,1320.0,0.0
20260104,4.0,1.0,中山,日,2.0,複勝,04,1300.0,的中04,100,1300.0,0.0
20260104,4.0,01,中山,日,2.0,複勝,04,1300.0,的中04,100,1300.0,0.0
20260104,5.0,1.0,京都,日,5.0,複勝,02,1300.0,的中02,150,1950.0,0.0
20260104,5.0,01,京都,日,5.0,複勝,02,1300.0,的中02,150,1950.0,0.0
20260104,6.0,1.0,京都,日,7.0,複勝,09,1900.0,―,―,0.0,0.0
20260104,6.0,01,京都,日,7.0,複勝,09,1900.0,―,―,0.0,0.0
20260104,7.0,1.0,京都,日,8.0,複勝,01,1000.0,的中01,130,1300.0,0.0
20260104,7.0,01,京都,日,8.0,複勝,01,1000.0,的中01,130,1300.0,0.0
20260104,8.0,1.0,京都,日,9.0,複勝,09,1300.0,的中09,110,1430.0,0.0
20260104,8.0,01,京都,日,9.0,複勝,09,1300.0,的中09,110,1430.0,0.0
20260104,9.0,1.0,京都,日,10.0,複勝,09,1500.0,的中09,110,1650.0,0.0
20260104,9.0,01,京都,日,10.0,複勝,09,1500.0,的中09,110,1650.0,0.0
20260104,10.0,1.0,京都,日,11.0,馬連フォーメーション,01／03；11；15,900.0,―,―,0.0,0.0
20260104,10.0,01,京都,日,11.0,馬連フォーメーション,01／03；11；15,900.0,―,―,0.0,0.0
20260104,11.0,1.0,中山,日,11.0,馬連,02―03,500.0,―,―,0.0,0.0
20260104,11.0,2.0,中山,日,11.0,3連複フォーメーション,02／03；12／01；02；03；05；07；08；12；13,1100.0,―,―,0.0,0.0
20260104,11.0,01,中山,日,11.0,馬連,02―03,500.0,―,―,0.0,0.0
20260104,11.0,02,中山,日,11.0,3連複フォーメーション,02／03；12／01；02；03；05；07；08；12；13,1100.0,―,―,0.0,0.0
20260105,12.0,1.0,京都,月,4.0,複勝,8.0,1000.0,的中08,210.0,2100.0,0.0
20260105,12.0,01,京都,月,4.0,複勝,8.0,1000.0,的中08,210.0,2100.0,0.0
20260105,13.0,1.0,中山,月,4.0,複勝,11.0,1000.0,的中11,110.0,1100.0,0.0
20260105,13.0,01,中山,月,4.0,複勝,11.0,1000.0,的中11,110.0,1100.0,0.0
20260105,14.0,1.0,中山,月,7.0,複勝,7.0,1100.0,的中07,170.0,1870.0,0.0
20260105,14.0,01,中山,月,7.0,複勝,7.0,1100.0,的中07,170.0,1870.0,0.0
20260105,15.0,1.0,京都,月,8.0,複勝,6.0,1000.0,的中06,180.0,1800.0,0.0
20260105,15.0,01,京都,月,8.0,複勝,6.0,1000.0,的中06,180.0,1800.0,0.0
20260105,16.0,1.0,中山,月,8.0,複勝,7.0,1000.0,的中07,110.0,1100.0,0.0
20260105,16.0,01,中山,月,8.0,複勝,7.0,1000.0,的中07,110.0,1100.0,0.0
20260105,17.0,1.0,中山,月,9.0,複勝,12.0,1000.0,的中12,130.0,1300.0,0.0
20260105,17.0,01,中山,月,9.0,複勝,12.0,1000.0,的中12,130.0,1300.0,0.0
20260105,18.0,1.0,中山,月,10.0,複勝,1.0,1300.0,的中01,150.0,1950.0,0.0
20260105,18.0,01,中山,月,10.0,複勝,1.0,1300.0,的中01,150.0,1950.0,0.0
20260110,1.0,1.0,京都,土,2.0,複勝,12,1000.0,的中12,120,1200.0,0.0
20260110,1.0,01,京都,土,2.0,複勝,12,1000.0,的中12,120,1200.0,0.0
20260110,2.0,1.0,中山,土,2.0,複勝,02,1200.0,的中02,110,1320.0,0.0
20260110,2.0,01,中山,土,2.0,複勝,02,1200.0,的中02,110,1320.0,0.0
20260110,3.0,1.0,中山,土,3.0,複勝,03,1300.0,的中03,110,1430.0,0.0
20260110,3.0,01,中山,土,3.0,複勝,03,1300.0,的中03,110,1430.0,0.0
20260110,4.0,1.0,京都,土,5.0,複勝,09,1400.0,―,―,0.0,0.0
20260110,4.0,2.0,京都,土,5.0,馬連,01―09,500.0,―,―,0.0,0.0
20260110,4.0,3.0,京都,土,5.0,ワイド,01―09,500.0,―,―,0.0,0.0
20260110,4.0,01,京都,土,5.0,複勝,09,1400.0,―,―,0.0,0.0
20260110,4.0,02,京都,土,5.0,馬連,01―09,500.0,―,―,0.0,0.0
20260110,4.0,03,京都,土,5.0,ワイド,01―09,500.0,―,―,0.0,0.0
20260110,5.0,1.0,京都,土,10.0,複勝,05,1000.0,―,―,0.0,0.0
20260110,5.0,01,京都,土,10.0,複勝,05,1000.0,―,―,0.0,0.0
20260110,6.0,1.0,中山,土,10.0,複勝,12,1000.0,的中12,150,1500.0,0.0
20260110,6.0,01,中山,土,10.0,複勝,12,1000.0,的中12,150,1500.0,0.0
20260110,7.0,1.0,京都,土,11.0,複勝,08,1500.0,的中08,110,1650.0,0.0
20260110,7.0,01,京都,土,11.0,複勝,08,1500.0,的中08,110,1650.0,0.0
20260110,8.0,1.0,中山,土,11.0,複勝,09,1600.0,―,―,0.0,0.0
20260110,8.0,01,中山,土,11.0,複勝,09,1600.0,―,―,0.0,0.0
20260110,9.0,1.0,中山,土,12.0,複勝,03,1000.0,―,―,0.0,0.0
20260110,9.0,01,中山,土,12.0,複勝,03,1000.0,―,―,0.0,0.0
20260111,1.0,1.0,中山,日,8.0,3連単,07→01→02,1800.0,的中,"3,950",3950.0,0.0
20260111,1.0,1.0,中山,日,8.0,3連単,07→01→02,1800.0,的中,"3,950",3950.0,0.0
20260111,2.0,1.0,京都,日,9.0,馬連,46063 ,400.0,-,-,0.0,0.0
20260111,2.0,2.0,京都,日,9.0,馬連,46057 ,1000.0,-,-,0.0,0.0
20260111,2.0,3.0,京都,日,9.0,馬連,46059 ,300.0,-,-,0.0,0.0
20260111,2.0,4.0,京都,日,9.0,馬連,46060 ,300.0,-,-,0.0,0.0
20260111,2.0,5.0,京都,日,9.0,馬連,46062 ,500.0,-,-,0.0,0.0
20260111,2.0,1.0,京都,日,9.0,馬連,46063 ,400.0,-,-,0.0,0.0
20260111,2.0,2.0,京都,日,9.0,馬連,46057 ,1000.0,-,-,0.0,0.0
20260111,2.0,3.0,京都,日,9.0,馬連,46059 ,300.0,-,-,0.0,0.0
20260111,2.0,4.0,京都,日,9.0,馬連,46060 ,300.0,-,-,0.0,0.0
20260111,2.0,5.0,京都,日,9.0,馬連,46062 ,500.0,-,-,0.0,0.0
20260111,3.0,1.0,中山,日,9.0,3連単,"05,07→02,05,07,08,10→05,07,10",1200.0,-,-,0.0,0.0
20260111,3.0,2.0,中山,日,9.0,3連単,"05,07→05,07,10→02,05,07,08,10",1200.0,-,-,0.0,0.0
20260111,3.0,1.0,中山,日,9.0,3連単,"05,07→02,05,07,08,10→05,07,10",1200.0,-,-,0.0,0.0
20260111,3.0,2.0,中山,日,9.0,3連単,"05,07→05,07,10→02,05,07,08,10",1200.0,-,-,0.0,0.0
20260111,4.0,1.0,京都,日,10.0,馬連,"03－(02,04,08)",600.0,-,-,0.0,0.0
20260111,4.0,2.0,京都,日,10.0,3連複,"03－(04,08)－(01...14)",1700.0,-,-,0.0,0.0
20260111,4.0,1.0,京都,日,10.0,馬連,"03－(02,04,08)",600.0,-,-,0.0,0.0
20260111,4.0,2.0,京都,日,10.0,3連複,"03－(04,08)－(01...14)",1700.0,-,-,0.0,0.0
20260111,5.0,1.0,中山,日,10.0,3連複,"13－(08,10,14)－(03...14)",1800.0,-,-,0.0,0.0
20260111,5.0,2.0,中山,日,10.0,3連単,"13→(08,10,13,14)→(06,08,10,13,14)",900.0,-,-,0.0,0.0
20260111,5.0,3.0,中山,日,10.0,3連単,"(08,10,14)→13→(06,08,10,14)",900.0,-,-,0.0,0.0
20260111,5.0,1.0,中山,日,10.0,3連複,"13－(08,10,14)－(03...14)",1800.0,-,-,0.0,0.0
20260111,5.0,2.0,中山,日,10.0,3連単,"13→(08,10,13,14)→(06,08,10,13,14)",900.0,-,-,0.0,0.0
20260111,5.0,3.0,中山,日,10.0,3連単,"(08,10,14)→13→(06,08,10,14)",900.0,-,-,0.0,0.0
20260111,6.0,1.0,京都,日,11.0,枠連,46084 ,500.0,-,-,0.0,0.0
20260111,6.0,2.0,京都,日,11.0,枠連,46087 ,1400.0,的中,300,4200.0,0.0
20260111,6.0,3.0,京都,日,11.0,枠連,46179 ,500.0,-,-,0.0,0.0
20260111,6.0,4.0,京都,日,11.0,3連単,"05→(05,06,11,12)→(05,06,11,12)",600.0,-,-,0.0,0.0
20260111,6.0,1.0,京都,日,11.0,枠連,46084 ,500.0,-,-,0.0,0.0
20260111,6.0,2.0,京都,日,11.0,枠連,46087 ,1400.0,的中,300,4200.0,0.0
20260111,6.0,3.0,京都,日,11.0,枠連,46179 ,500.0,-,-,0.0,0.0
20260111,6.0,4.0,京都,日,11.0,3連単,"05→(05,06,11,12)→(05,06,11,12)",600.0,-,-,0.0,0.0
20260111,7.0,1.0,中山,日,11.0,単勝,15 ,1000.0,的中,"1,100",11000.0,0.0
20260111,7.0,2.0,中山,日,11.0,枠連,46061 ,1200.0,的中,"3,320",6640.0,0.0
20260111,7.0,1.0,中山,日,11.0,単勝,15 ,1000.0,的中,"1,100",11000.0,0.0
20260111,7.0,2.0,中山,日,11.0,枠連,46061 ,1200.0,的中,"3,320",6640.0,0.0
20260111,8.0,1.0,中山,日,11.0,3連複,"15－(02,03,09,12)－(01...16)",2600.0,-,-,0.0,0.0
20260111,8.0,1.0,中山,日,11.0,3連複,"15－(02,03,09,12)－(01...16)",2600.0,-,-,0.0,0.0
20260111,9.0,1.0,京都,日,12.0,ワイド,46246 ,1000.0,的中,560,5600.0,0.0
20260111,9.0,2.0,京都,日,12.0,3連複,39796 ,2100.0,的中,"2,730",2730.0,0.0
20260111,9.0,1.0,京都,日,12.0,ワイド,46246 ,1000.0,的中,560,5600.0,0.0
20260111,9.0,2.0,京都,日,12.0,3連複,39796 ,2100.0,的中,"2,730",2730.0,0.0
20260111,10.0,1.0,中山,日,6.0,複勝,13.0,1000.0,的中13,110,1100.0,0.0
20260111,10.0,1.0,中山,日,12.0,ワイド,46156 ,1000.0,-,-,0.0,0.0
20260111,10.0,2.0,中山,日,12.0,3連複,"14－(02,05,11)－(01...16)",2400.0,-,-,0.0,0.0
20260111,10.0,01,中山,日,6.0,複勝,13.0,1000.0,的中13,110,1100.0,0.0
20260111,10.0,1.0,中山,日,12.0,ワイド,46156 ,1000.0,-,-,0.0,0.0
20260111,10.0,2.0,中山,日,12.0,3連複,"14－(02,05,11)－(01...16)",2400.0,-,-,0.0,0.0
20260111,11.0,1.0,京都,日,7.0,複勝,10.0,1100.0,的中10,180,1980.0,0.0
20260111,11.0,01,京都,日,7.0,複勝,10.0,1100.0,的中10,180,1980.0,0.0
20260111,12.0,1.0,京都,日,8.0,複勝,15.0,1000.0,的中15,120,1200.0,0.0
20260111,12.0,01,京都,日,8.0,複勝,15.0,1000.0,的中15,120,1200.0,0.0
20260111,13.0,1.0,京都,日,9.0,複勝,2.0,1300.0,―,―,0.0,0.0
20260111,13.0,01,京都,日,9.0,複勝,2.0,1300.0,―,―,0.0,0.0
20260112,11.0,1.0,中山,月,7.0,複勝,1 ,1000.0,的中,120,1200.0,0.0
20260112,11.0,1.0,中山,月,7.0,複勝,1 ,1000.0,的中,120,1200.0,0.0
20260112,12.0,1.0,京都,月,7.0,複勝,16 ,1200.0,-,-,0.0,0.0
20260112,12.0,1.0,京都,月,7.0,複勝,16 ,1200.0,-,-,0.0,0.0
20260112,13.0,1.0,中山,月,10.0,単勝,7 ,700.0,-,-,0.0,0.0
20260112,13.0,2.0,中山,月,10.0,枠連,46116 ,100.0,-,-,0.0,0.0
20260112,13.0,3.0,中山,月,10.0,枠連,"4－(1,5,6,8)",1200.0,-,-,0.0,0.0
20260112,13.0,1.0,中山,月,10.0,単勝,7 ,700.0,-,-,0.0,0.0
20260112,13.0,2.0,中山,月,10.0,枠連,46116 ,100.0,-,-,0.0,0.0
20260112,13.0,3.0,中山,月,10.0,枠連,"4－(1,5,6,8)",1200.0,-,-,0.0,0.0
20260112,14.0,1.0,中山,月,8.0,枠連,2―7,1000.0,―,―,0.0,0.0
20260112,14.0,1.0,中山,月,11.0,枠連,46026 ,300.0,-,-,0.0,0.0
20260112,14.0,2.0,中山,月,11.0,枠連,46085 ,300.0,-,-,0.0,0.0
20260112,14.0,3.0,中山,月,11.0,枠連,46117 ,300.0,-,-,0.0,0.0
20260112,14.0,4.0,中山,月,11.0,枠連,46120 ,200.0,-,-,0.0,0.0
20260112,14.0,01,中山,月,8.0,枠連,2―7,1000.0,―,―,0.0,0.0
20260112,14.0,1.0,中山,月,11.0,枠連,46026 ,300.0,-,-,0.0,0.0
20260112,14.0,2.0,中山,月,11.0,枠連,46085 ,300.0,-,-,0.0,0.0
20260112,14.0,3.0,中山,月,11.0,枠連,46117 ,300.0,-,-,0.0,0.0
20260112,14.0,4.0,中山,月,11.0,枠連,46120 ,200.0,-,-,0.0,0.0
20260112,15.0,1.0,京都,月,11.0,3連複フォーメーション,13／01；04；11；12／01；04；11；12；15；16,1400.0,―,―,0.0,0.0
20260112,15.0,1.0,京都,月,11.0,ワイド,46125 ,800.0,-,-,0.0,0.0
20260112,15.0,01,京都,月,11.0,3連複フォーメーション,13／01；04；11；12／01；04；11；12；15；16,1400.0,―,―,0.0,0.0
20260112,15.0,1.0,京都,月,11.0,ワイド,46125 ,800.0,-,-,0.0,0.0
20260117,1.0,1.0,京都,土,10.0,複勝,9.0,1000.0,的中09,110.0,1100.0,0.0
20260117,1.0,01,京都,土,10.0,複勝,9.0,1000.0,的中09,110.0,1100.0,0.0
20260118,2.0,1.0,中山,日,7.0,複勝,12,1100.0,―,―,0.0,0.0
20260118,2.0,01,中山,日,7.0,複勝,12,1100.0,―,―,0.0,0.0
20260118,3.0,1.0,中山,日,7.0,3連単フォーメーション,01；03；04／12／01；02；03；04；05；07；12,1500.0,―,―,0.0,0.0
20260118,3.0,01,中山,日,7.0,3連単フォーメーション,01；03；04／12／01；02；03；04；05；07；12,1500.0,―,―,0.0,0.0
20260118,4.0,1.0,京都,日,8.0,3連複フォーメーション,08／03；06／01；02；03；06；07；08；09；10；11；12,1500.0,的中06―07―08,1290,1290.0,0.0
20260118,4.0,01,京都,日,8.0,3連複フォーメーション,08／03；06／01；02；03；06；07；08；09；10；11；12,1500.0,的中06―07―08,1290,1290.0,0.0
20260118,5.0,1.0,中山,日,8.0,馬連,11―14,700.0,―,―,0.0,0.0
20260118,5.0,2.0,中山,日,8.0,ワイド,11―14,700.0,―,―,0.0,0.0
20260118,5.0,01,中山,日,8.0,馬連,11―14,700.0,―,―,0.0,0.0
20260118,5.0,02,中山,日,8.0,ワイド,11―14,700.0,―,―,0.0,0.0
20260118,6.0,1.0,京都,日,9.0,枠連フォーメーション,1／1；2；4；5；7；8,600.0,―,―,0.0,0.0
20260118,6.0,2.0,京都,日,9.0,馬連,01―08,100.0,―,―,0.0,0.0
20260118,6.0,01,京都,日,9.0,枠連フォーメーション,1／1；2；4；5；7；8,600.0,―,―,0.0,0.0
20260118,6.0,02,京都,日,9.0,馬連,01―08,100.0,―,―,0.0,0.0
20260118,7.0,1.0,京都,日,11.0,3連複フォーメーション,12／06；08；11／02；04；05；06；07；08；09；10；11；12；13,2400.0,―,―,0.0,0.0
20260118,7.0,2.0,京都,日,11.0,3連単軸1頭ながしマルチ,12／06；08；11,1800.0,―,―,0.0,0.0
20260118,7.0,01,京都,日,11.0,3連複フォーメーション,12／06；08；11／02；04；05；06；07；08；09；10；11；12；13,2400.0,―,―,0.0,0.0
20260118,7.0,02,京都,日,11.0,3連単軸1頭ながしマルチ,12／06；08；11,1800.0,―,―,0.0,0.0
20260118,8.0,1.0,中山,日,11.0,3連複フォーメーション,15／04；12／01；02；03；04；05；06；07；08；09；10；11；12；13；14；15,2500.0,―,―,0.0,0.0
20260118,8.0,2.0,中山,日,11.0,3連単1着ながし,15／04；11；12；13,1200.0,―,―,0.0,0.0
20260118,8.0,3.0,中山,日,11.0,3連単2着ながし,15／04；11；12；13,1200.0,―,―,0.0,0.0
20260118,8.0,01,中山,日,11.0,3連複フォーメーション,15／04；12／01；02；03；04；05；06；07；08；09；10；11；12；13；14；15,2500.0,―,―,0.0,0.0
20260118,8.0,02,中山,日,11.0,3連単1着ながし,15／04；11；12；13,1200.0,―,―,0.0,0.0
20260118,8.0,03,中山,日,11.0,3連単2着ながし,15／04；11；12；13,1200.0,―,―,0.0,0.0
20260118,9.0,1.0,中山,日,11.0,ワイド,12―15,1000.0,―,―,0.0,0.0
20260118,9.0,01,中山,日,11.0,ワイド,12―15,1000.0,―,―,0.0,0.0
20260124,1.0,1.0,中山,土,4.0,複勝,10,1000.0,的中10,110,1100.0,0.0
20260124,1.0,01,中山,土,4.0,複勝,10,1000.0,的中10,110,1100.0,0.0
20260124,2.0,1.0,京都,土,5.0,複勝,17,1000.0,的中17,130,1300.0,0.0
20260124,2.0,01,京都,土,5.0,複勝,17,1000.0,的中17,130,1300.0,0.0
20260124,3.0,1.0,中山,土,5.0,複勝,02,1000.0,―,―,0.0,0.0
20260124,3.0,01,中山,土,5.0,複勝,02,1000.0,―,―,0.0,0.0
20260124,4.0,1.0,京都,土,11.0,ワイドフォーメーション,08／01；10,2000.0,―,―,0.0,0.0
20260124,4.0,01,京都,土,11.0,ワイドフォーメーション,08／01；10,2000.0,―,―,0.0,0.0
20260124,5.0,1.0,中山,土,11.0,枠連,4―4,500.0,―,―,0.0,0.0
20260124,5.0,01,中山,土,11.0,枠連,4―4,500.0,―,―,0.0,0.0
20260124,6.0,1.0,小倉,土,11.0,枠連フォーメーション,7／1；2；3；4；5；7；8,2100.0,―,―,0.0,0.0
20260124,6.0,2.0,小倉,土,11.0,3連複フォーメーション,15／14；17／01；03；04；07；08；09；14；15；16；17,1500.0,―,―,0.0,0.0
20260124,6.0,01,小倉,土,11.0,枠連フォーメーション,7／1；2；3；4；5；7；8,2100.0,―,―,0.0,0.0
20260124,6.0,02,小倉,土,11.0,3連複フォーメーション,15／14；17／01；03；04；07；08；09；14；15；16；17,1500.0,―,―,0.0,0.0
20260125,7.0,1.0,京都,日,11.0,枠連,1―5,600.0,―,―,0.0,0.0
20260125,7.0,2.0,京都,日,11.0,3連複フォーメーション,02／09；10／01；02；05；06；07；08；09；10；12；13；14；15,1900.0,―,―,0.0,0.0
20260125,7.0,01,京都,日,11.0,枠連,1―5,600.0,―,―,0.0,0.0
20260125,7.0,02,京都,日,11.0,3連複フォーメーション,02／09；10／01；02；05；06；07；08；09；10；12；13；14；15,1900.0,―,―,0.0,0.0
20260125,8.0,1.0,中山,日,11.0,3連複フォーメーション,14／03；04；05；09；12；15／01；02；03；04；05；08；09；11；12；14；15,3900.0,―,―,0.0,0.0
20260125,8.0,2.0,中山,日,11.0,3連単フォーメーション,14／05；09；14；15／01；03；04；05；09；12；14；15,1800.0,―,―,0.0,0.0
20260125,8.0,3.0,中山,日,11.0,3連単フォーメーション,05；09；15／14／01；03；04；05；09；12；15,1800.0,―,―,0.0,0.0
20260125,8.0,01,中山,日,11.0,3連複フォーメーション,14／03；04；05；09；12；15／01；02；03；04；05；08；09；11；12；14；15,3900.0,―,―,0.0,0.0
20260125,8.0,02,中山,日,11.0,3連単フォーメーション,14／05；09；14；15／01；03；04；05；09；12；14；15,1800.0,―,―,0.0,0.0
20260125,8.0,03,中山,日,11.0,3連単フォーメーション,05；09；15／14／01；03；04；05；09；12；15,1800.0,―,―,0.0,0.0
20260125,9.0,1.0,中山,日,11.0,枠連,2―7,200.0,―,―,0.0,0.0
20260125,9.0,2.0,中山,日,11.0,枠連,3―7,200.0,―,―,0.0,0.0
20260125,9.0,3.0,中山,日,11.0,枠連,5―7,200.0,的中5―7,640,1280.0,0.0
20260125,9.0,4.0,中山,日,11.0,枠連,6―7,200.0,―,―,0.0,0.0
20260125,9.0,5.0,中山,日,11.0,枠連,7―8,200.0,―,―,0.0,0.0
20260125,9.0,01,中山,日,11.0,枠連,2―7,200.0,―,―,0.0,0.0
20260125,9.0,02,中山,日,11.0,枠連,3―7,200.0,―,―,0.0,0.0
20260125,9.0,03,中山,日,11.0,枠連,5―7,200.0,的中5―7,640,1280.0,0.0
20260125,9.0,04,中山,日,11.0,枠連,6―7,200.0,―,―,0.0,0.0
20260125,9.0,05,中山,日,11.0,枠連,7―8,200.0,―,―,0.0,0.0
20260131,1.0,1.0,東京,土,10.0,単勝,02,500.0,的中02,440,2200.0,0.0
20260131,1.0,2.0,東京,土,10.0,複勝,02,1000.0,的中02,180,1800.0,0.0
20260131,1.0,01,東京,土,10.0,単勝,02,500.0,的中02,440,2200.0,0.0
20260131,1.0,02,東京,土,10.0,複勝,02,1000.0,的中02,180,1800.0,0.0
20260131,2.0,1.0,小倉,土,11.0,複勝,08,1000.0,―,―,0.0,0.0
20260131,2.0,01,小倉,土,11.0,複勝,08,1000.0,―,―,0.0,0.0
20260131,3.0,1.0,京都,土,11.0,3連複フォーメーション,13／05；09／02；05；06；07；09；10；11；12；13,1300.0,的中02―09―13,2250,2250.0,0.0
20260131,3.0,01,京都,土,11.0,3連複フォーメーション,13／05；09／02；05；06；07；09；10；11；12；13,1300.0,的中02―09―13,2250,2250.0,0.0
20260131,4.0,1.0,東京,土,11.0,ワイドフォーメーション,06／01；08,800.0,的中01―06,320,1280.0,0.0
20260131,4.0,2.0,東京,土,11.0,3連複フォーメーション,06／01；02；04；06；08／01；02；04；06；08,600.0,的中01―04―06,1080,1080.0,0.0
20260131,4.0,3.0,東京,土,11.0,3連単フォーメーション,06／01；02；04；08／01；02；03；04；05；06；07；08；09；10,3200.0,―,―,0.0,0.0
20260131,4.0,01,東京,土,11.0,ワイドフォーメーション,06／01；08,800.0,的中01―06,320,1280.0,0.0
20260131,4.0,02,東京,土,11.0,3連複フォーメーション,06／01；02；04；06；08／01；02；04；06；08,600.0,的中01―04―06,1080,1080.0,0.0
20260131,4.0,03,東京,土,11.0,3連単フォーメーション,06／01；02；04；08／01；02；03；04；05；06；07；08；09；10,3200.0,―,―,0.0,0.0
20260131,5.0,1.0,小倉,土,12.0,3連複フォーメーション,14／03；09；10／01；02；03；04；05；06；09；10；14；15；16,2400.0,―,―,0.0,0.0
20260131,5.0,01,小倉,土,12.0,3連複フォーメーション,14／03；09；10／01；02；03；04；05；06；09；10；14；15；16,2400.0,―,―,0.0,0.0
20260201,6.0,1,京都,日,3.0,複勝,10,1000.0,的中10,110,1100.0,0.0
20260201,6.0,1.0,京都,日,3.0,複勝,10,1000.0,的中10,110,1100.0,0.0
20260201,7.0,1,京都,日,7.0,3連単フォーメーション,03／01；08／01；04；08,400.0,的中03→08→04,1070,1070.0,0.0
20260201,7.0,1.0,京都,日,7.0,3連単フォーメーション,03／01；08／01；04；08,400.0,的中03→08→04,1070,1070.0,0.0
20260201,8.0,1,東京,日,7.0,複勝,6,1000.0,的中06,110,1100.0,0.0
20260201,8.0,1.0,東京,日,7.0,複勝,6,1000.0,的中06,110,1100.0,0.0
20260201,9.0,1,京都,日,8.0,単勝,9,100.0,―,―,0.0,0.0
20260201,9.0,1.0,京都,日,8.0,単勝,9,100.0,―,―,0.0,0.0
20260201,9.0,2,京都,日,8.0,複勝,9,1000.0,的中09,140,1400.0,0.0
20260201,9.0,2.0,京都,日,8.0,複勝,9,1000.0,的中09,140,1400.0,0.0
20260201,10.0,1,東京,日,8.0,複勝,10,1000.0,的中10,110,1100.0,0.0
20260201,10.0,1.0,東京,日,8.0,複勝,10,1000.0,的中10,110,1100.0,0.0
20260201,11.0,1,東京,日,8.0,単勝,10,100.0,的中10,270,270.0,0.0
20260201,11.0,1.0,東京,日,8.0,単勝,10,100.0,的中10,270,270.0,0.0
20260201,12.0,1,京都,日,9.0,ワイド,02―07,800.0,的中02―07,350,2800.0,0.0
20260201,12.0,1.0,京都,日,9.0,ワイド,02―07,800.0,的中02―07,350,2800.0,0.0
20260201,13.0,1,東京,日,9.0,単勝,9,200.0,―,―,0.0,0.0
20260201,13.0,1.0,東京,日,9.0,単勝,9,200.0,―,―,0.0,0.0
20260201,13.0,2,東京,日,9.0,複勝,9,1000.0,的中09,160,1600.0,0.0
20260201,13.0,2.0,東京,日,9.0,複勝,9,1000.0,的中09,160,1600.0,0.0
20260201,14.0,1,京都,日,10.0,馬連,01―08,500.0,―,―,0.0,0.0
20260201,14.0,1.0,京都,日,10.0,馬連,01―08,500.0,―,―,0.0,0.0
20260201,14.0,2,京都,日,10.0,ワイド,01―08,1000.0,―,―,0.0,0.0
20260201,14.0,2.0,京都,日,10.0,ワイド,01―08,1000.0,―,―,0.0,0.0
20260201,15.0,1,東京,日,10.0,複勝,14,1000.0,的中14,210,2100.0,0.0
20260201,15.0,1.0,東京,日,10.0,複勝,14,1000.0,的中14,210,2100.0,0.0
20260201,16.0,1,京都,日,11.0,ワイドＢＯＸ,02；09；13；17,1200.0,―,―,0.0,0.0
20260201,16.0,1.0,京都,日,11.0,ワイドＢＯＸ,02；09；13；17,1200.0,―,―,0.0,0.0
20260201,17.0,1,東京,日,11.0,馬連フォーメーション,09／01；02；03；05；16,500.0,―,―,0.0,0.0
20260201,17.0,1.0,東京,日,11.0,馬連フォーメーション,09／01；02；03；05；16,500.0,―,―,0.0,0.0
20260201,17.0,2,東京,日,11.0,ワイドＢＯＸ,01；02；03；05；16,1000.0,―,―,0.0,0.0
20260201,17.0,2.0,東京,日,11.0,ワイドＢＯＸ,01；02；03；05；16,1000.0,―,―,0.0,0.0
20260201,18.0,1,東京,日,12.0,複勝,1,1000.0,的中01,110,1100.0,0.0
20260201,18.0,1.0,東京,日,12.0,複勝,1,1000.0,的中01,110,1100.0,0.0
20260207,1.0,1.0,京都,土,2.0,複勝,06,1000.0,―,―,0.0,0.0
20260207,1.0,01,京都,土,2.0,複勝,06,1000.0,―,―,0.0,0.0
20260207,2.0,1.0,京都,土,3.0,複勝,01,1000.0,的中01,120,1200.0,0.0
20260207,2.0,01,京都,土,3.0,複勝,01,1000.0,的中01,120,1200.0,0.0
20260207,3.0,1.0,東京,土,8.0,複勝,08,1000.0,返還08,―,0.0,1000.0
20260207,3.0,01,東京,土,8.0,複勝,08,1000.0,返還08,―,0.0,1000.0
20260207,4.0,1.0,京都,土,9.0,複勝,03,1000.0,―,―,0.0,0.0
20260207,4.0,01,京都,土,9.0,複勝,03,1000.0,―,―,0.0,0.0
20260207,5.0,1.0,京都,土,10.0,馬連,02―04,200.0,―,―,0.0,0.0
20260207,5.0,2.0,京都,土,10.0,ワイド,02―04,1000.0,―,―,0.0,0.0
20260207,5.0,01,京都,土,10.0,馬連,02―04,200.0,―,―,0.0,0.0
20260207,5.0,02,京都,土,10.0,ワイド,02―04,1000.0,―,―,0.0,0.0
20260207,6.0,1.0,京都,土,11.0,ワイドフォーメーション,02／03；13,1000.0,―,―,0.0,0.0
20260207,6.0,01,京都,土,11.0,ワイドフォーメーション,02／03；13,1000.0,―,―,0.0,0.0
20260207,7.0,1.0,小倉,土,12.0,複勝,12,1000.0,―,―,0.0,0.0
20260207,7.0,01,小倉,土,12.0,複勝,12,1000.0,―,―,0.0,0.0
20260207,8.0,1.0,京都,土,12.0,馬連フォーメーション,14／03；07；13,300.0,―,―,0.0,0.0
20260207,8.0,01,京都,土,12.0,馬連フォーメーション,14／03；07；13,300.0,―,―,0.0,0.0
20260210,9.0,1.0,東京,火,11.0,複勝,12.0,1000.0,的中12,190,1900.0,0.0
20260210,9.0,2.0,東京,火,11.0,複勝,5.0,1000.0,―,―,0.0,0.0
20260210,9.0,01,東京,火,11.0,複勝,12.0,1000.0,的中12,190,1900.0,0.0
20260210,9.0,02,東京,火,11.0,複勝,5.0,1000.0,―,―,0.0,0.0
20260210,10.0,1.0,京都,火,11.0,複勝,2.0,1000.0,的中02,130,1300.0,0.0
20260210,10.0,01,京都,火,11.0,複勝,2.0,1000.0,的中02,130,1300.0,0.0
20260215,1.0,1.0,Ｋアブドゥルアジーズ（サウジアラビア）,日,9.0,複勝,11,1000.0,―,―,0.0,0.0
20260215,1.0,01,Ｋアブドゥルアジーズ（サウジアラビア）,日,9.0,複勝,11,1000.0,―,―,0.0,0.0
20260215,2.0,1.0,東京,日,6.0,単勝,04,1000.0,―,―,0.0,0.0
20260215,2.0,01,東京,日,6.0,単勝,04,1000.0,―,―,0.0,0.0
20260215,3.0,1.0,東京,日,9.0,複勝,14,1000.0,―,―,0.0,0.0
20260215,3.0,01,東京,日,9.0,複勝,14,1000.0,―,―,0.0,0.0
20260215,4.0,1.0,東京,日,10.0,3連複フォーメーション,09／01；02；03；04；06；09；11；14／01；02；03；04；06；09；11；14,2100.0,―,―,0.0,0.0
20260215,4.0,01,東京,日,10.0,3連複フォーメーション,09／01；02；03；04；06；09；11；14／01；02；03；04；06；09；11；14,2100.0,―,―,0.0,0.0
20260215,5.0,1.0,京都,日,11.0,3連単フォーメーション,01；06／01；02；04；06；08；12／01；06,800.0,―,―,0.0,0.0
20260215,5.0,01,京都,日,11.0,3連単フォーメーション,01；06／01；02；04；06；08；12／01；06,800.0,―,―,0.0,0.0
20260215,6.0,1.0,京都,日,11.0,3連単フォーメーション,01；06／01；06／01；02；04；06；08；12,800.0,―,―,0.0,0.0
20260215,6.0,01,京都,日,11.0,3連単フォーメーション,01；06／01；06／01；02；04；06；08；12,800.0,―,―,0.0,0.0
20260215,7.0,1.0,東京,日,11.0,3連複フォーメーション,05／01；04；05；06；07；08／01；04；05；06；07；08,1000.0,的中05―06―07,1450,1450.0,0.0
20260215,7.0,2.0,東京,日,11.0,3連単フォーメーション,01；04；06／05／01；04；05；06；07；08,1200.0,―,―,0.0,0.0
20260215,7.0,3.0,東京,日,11.0,3連単フォーメーション,05／01；04；05；06；07；08／01；04；05；06；07；08,2000.0,的中05→07→06,6950,6950.0,0.0
20260215,7.0,01,東京,日,11.0,3連複フォーメーション,05／01；04；05；06；07；08／01；04；05；06；07；08,1000.0,的中05―06―07,1450,1450.0,0.0
20260215,7.0,02,東京,日,11.0,3連単フォーメーション,01；04；06／05／01；04；05；06；07；08,1200.0,―,―,0.0,0.0
20260215,7.0,03,東京,日,11.0,3連単フォーメーション,05／01；04；05；06；07；08／01；04；05；06；07；08,2000.0,的中05→07→06,6950,6950.0,0.0
20260221,1.0,1.0,東京,土,2.0,複勝,01,1000.0,的中01,150,1500.0,0.0
20260221,1.0,01,東京,土,2.0,複勝,01,1000.0,的中01,150,1500.0,0.0
20260221,2.0,1.0,東京,土,3.0,複勝,01,1000.0,―,―,0.0,0.0
20260221,2.0,01,東京,土,3.0,複勝,01,1000.0,―,―,0.0,0.0
20260221,3.0,1.0,小倉,土,8.0,ワイドフォーメーション,11／04；13,1000.0,―,―,0.0,0.0
20260221,3.0,01,小倉,土,8.0,ワイドフォーメーション,11／04；13,1000.0,―,―,0.0,0.0
20260221,4.0,1.0,阪神,土,8.0,馬連,01―02,700.0,―,―,0.0,0.0
20260221,4.0,2.0,阪神,土,8.0,馬連,02―06,300.0,―,―,0.0,0.0
20260221,4.0,3.0,阪神,土,8.0,ワイド,01―02,500.0,―,―,0.0,0.0
20260221,4.0,01,阪神,土,8.0,馬連,01―02,700.0,―,―,0.0,0.0
20260221,4.0,02,阪神,土,8.0,馬連,02―06,300.0,―,―,0.0,0.0
20260221,4.0,03,阪神,土,8.0,ワイド,01―02,500.0,―,―,0.0,0.0
20260221,5.0,1.0,東京,土,8.0,馬単フォーメーション,10／01；04；08,1200.0,―,―,0.0,0.0
20260221,5.0,2.0,東京,土,8.0,3連単フォーメーション,10／01；08／01；04；08,800.0,―,―,0.0,0.0
20260221,5.0,01,東京,土,8.0,馬単フォーメーション,10／01；04；08,1200.0,―,―,0.0,0.0
20260221,5.0,02,東京,土,8.0,3連単フォーメーション,10／01；08／01；04；08,800.0,―,―,0.0,0.0
20260221,6.0,1.0,阪神,土,9.0,馬連フォーメーション,13／03；06；17,1200.0,―,―,0.0,0.0
20260221,6.0,2.0,阪神,土,9.0,ワイドフォーメーション,13／03；06；17,900.0,―,―,0.0,0.0
20260221,6.0,01,阪神,土,9.0,馬連フォーメーション,13／03；06；17,1200.0,―,―,0.0,0.0
20260221,6.0,02,阪神,土,9.0,ワイドフォーメーション,13／03；06；17,900.0,―,―,0.0,0.0
20260221,7.0,1.0,東京,土,9.0,3連単フォーメーション,06／01；03；04／01；03；04,600.0,―,―,0.0,0.0
20260221,7.0,01,東京,土,9.0,3連単フォーメーション,06／01；03；04／01；03；04,600.0,―,―,0.0,0.0
20260221,8.0,1.0,阪神,土,10.0,馬連フォーメーション,15／01；06；08；14；15,1200.0,的中08―15,2710,8130.0,0.0
20260221,8.0,2.0,阪神,土,10.0,ワイドフォーメーション,15／01；06；08；14；15,800.0,的中08―15,1140,2280.0,0.0
20260221,8.0,01,阪神,土,10.0,馬連フォーメーション,15／01；06；08；14；15,1200.0,的中08―15,2710,8130.0,0.0
20260221,8.0,02,阪神,土,10.0,ワイドフォーメーション,15／01；06；08；14；15,800.0,的中08―15,1140,2280.0,0.0
20260221,9.0,1.0,東京,土,10.0,ワイド,10―16,400.0,―,―,0.0,0.0
20260221,9.0,2.0,東京,土,10.0,ワイドフォーメーション,10；16／04；06；13；14,1600.0,―,―,0.0,0.0
20260221,9.0,01,東京,土,10.0,ワイド,10―16,400.0,―,―,0.0,0.0
20260221,9.0,02,東京,土,10.0,ワイドフォーメーション,10；16／04；06；13；14,1600.0,―,―,0.0,0.0
20260221,10.0,1.0,小倉,土,11.0,ワイド,09―11,200.0,―,―,0.0,0.0
20260221,10.0,2.0,小倉,土,11.0,ワイドフォーメーション,05；11／01；09；12；13,1600.0,―,―,0.0,0.0
20260221,10.0,01,小倉,土,11.0,ワイド,09―11,200.0,―,―,0.0,0.0
20260221,10.0,02,小倉,土,11.0,ワイドフォーメーション,05；11／01；09；12；13,1600.0,―,―,0.0,0.0
20260221,11.0,1.0,阪神,土,11.0,単勝,02,200.0,―,―,0.0,0.0
20260221,11.0,2.0,阪神,土,11.0,ワイドながし,02／01；05；08；09；13；18,1800.0,―,―,0.0,0.0
20260221,11.0,01,阪神,土,11.0,単勝,02,200.0,―,―,0.0,0.0
20260221,11.0,02,阪神,土,11.0,ワイドながし,02／01；05；08；09；13；18,1800.0,―,―,0.0,0.0
20260221,12.0,1.0,東京,土,11.0,馬連,12―13,400.0,―,―,0.0,0.0
20260221,12.0,2.0,東京,土,11.0,ワイドフォーメーション,12；13／01；04；09；10；14,2000.0,的中01―13,1610,3220.0,0.0
20260221,12.0,01,東京,土,11.0,馬連,12―13,400.0,―,―,0.0,0.0
20260221,12.0,02,東京,土,11.0,ワイドフォーメーション,12；13／01；04；09；10；14,2000.0,的中01―13,1610,3220.0,0.0
20260221,13.0,1.0,小倉,土,12.0,馬連,09―10,200.0,―,―,0.0,0.0
20260221,13.0,2.0,小倉,土,12.0,ワイド,09―10,200.0,―,―,0.0,0.0
20260221,13.0,3.0,小倉,土,12.0,ワイドフォーメーション,09；10／02；05；06；15；18,2000.0,的中09―15,2090,4180.0,0.0
20260221,13.0,01,小倉,土,12.0,馬連,09―10,200.0,―,―,0.0,0.0
20260221,13.0,02,小倉,土,12.0,ワイド,09―10,200.0,―,―,0.0,0.0
20260221,13.0,03,小倉,土,12.0,ワイドフォーメーション,09；10／02；05；06；15；18,2000.0,的中09―15,2090,4180.0,0.0
20260221,14.0,1.0,阪神,土,12.0,ワイド,10―12,500.0,―,―,0.0,0.0
20260221,14.0,2.0,阪神,土,12.0,ワイド,11―13,300.0,的中11―13,2520,7560.0,0.0
20260221,14.0,3.0,阪神,土,12.0,ワイドフォーメーション,10；13／01；02；03；05；11；15,1200.0,的中11―13,2520,2520.0,0.0
20260221,14.0,01,阪神,土,12.0,ワイド,10―12,500.0,―,―,0.0,0.0
20260221,14.0,02,阪神,土,12.0,ワイド,11―13,300.0,的中11―13,2520,7560.0,0.0
20260221,14.0,03,阪神,土,12.0,ワイドフォーメーション,10；13／01；02；03；05；11；15,1200.0,的中11―13,2520,2520.0,0.0
20260221,15.0,1.0,東京,土,12.0,単勝,10,200.0,―,―,0.0,0.0
20260221,15.0,2.0,東京,土,12.0,ワイドフォーメーション,10／01；02；03；05；11；15,1800.0,―,―,0.0,0.0
20260221,15.0,01,東京,土,12.0,単勝,10,200.0,―,―,0.0,0.0
20260221,15.0,02,東京,土,12.0,ワイドフォーメーション,10／01；02；03；05；11；15,1800.0,―,―,0.0,0.0
20260222,16.0,1.0,小倉,日,11.0,単勝,13,200.0,―,―,0.0,0.0
20260222,16.0,2.0,小倉,日,11.0,複勝,03,100.0,―,―,0.0,0.0
20260222,16.0,3.0,小倉,日,11.0,馬連ＢＯＸ,02；03；11,300.0,―,―,0.0,0.0
20260222,16.0,4.0,小倉,日,11.0,ワイドフォーメーション,13／02；03；06；09；10；11,1800.0,―,―,0.0,0.0
20260222,16.0,5.0,小倉,日,11.0,ワイドＢＯＸ,02；03；05；11,600.0,―,―,0.0,0.0
20260222,16.0,01,小倉,日,11.0,単勝,13,200.0,―,―,0.0,0.0
20260222,16.0,02,小倉,日,11.0,複勝,03,100.0,―,―,0.0,0.0
20260222,16.0,03,小倉,日,11.0,馬連ＢＯＸ,02；03；11,300.0,―,―,0.0,0.0
20260222,16.0,04,小倉,日,11.0,ワイドフォーメーション,13／02；03；06；09；10；11,1800.0,―,―,0.0,0.0
20260222,16.0,05,小倉,日,11.0,ワイドＢＯＸ,02；03；05；11,600.0,―,―,0.0,0.0
20260222,17.0,1.0,阪神,日,7.0,複勝,04,1000.0,―,―,0.0,0.0
20260222,17.0,01,阪神,日,7.0,複勝,04,1000.0,―,―,0.0,0.0
20260222,18.0,1.0,東京,日,7.0,馬連フォーメーション,05／11；14；16,1500.0,―,―,0.0,0.0
20260222,18.0,2.0,東京,日,7.0,ワイド,05―11,500.0,―,―,0.0,0.0
20260222,18.0,01,東京,日,7.0,馬連フォーメーション,05／11；14；16,1500.0,―,―,0.0,0.0
20260222,18.0,02,東京,日,7.0,ワイド,05―11,500.0,―,―,0.0,0.0
20260222,19.0,1.0,阪神,日,8.0,馬連フォーメーション,03／02；09；11；14,1600.0,的中03―09,1040,4160.0,0.0
20260222,19.0,2.0,阪神,日,8.0,ワイド,02―03,400.0,―,―,0.0,0.0
20260222,19.0,01,阪神,日,8.0,馬連フォーメーション,03／02；09；11；14,1600.0,的中03―09,1040,4160.0,0.0
20260222,19.0,02,阪神,日,8.0,ワイド,02―03,400.0,―,―,0.0,0.0
20260222,20.0,1.0,東京,日,8.0,馬連ながし,03／01；02；06；13,1200.0,―,―,0.0,0.0
20260222,20.0,2.0,東京,日,8.0,ワイド,02―03,800.0,―,―,0.0,0.0
20260222,20.0,01,東京,日,8.0,馬連ながし,03／01；02；06；13,1200.0,―,―,0.0,0.0
20260222,20.0,02,東京,日,8.0,ワイド,02―03,800.0,―,―,0.0,0.0
20260222,21.0,1.0,阪神,日,9.0,馬連フォーメーション,02／02；05；06；09；10,1200.0,―,―,0.0,0.0
20260222,21.0,2.0,阪神,日,9.0,ワイド,02―10,500.0,―,―,0.0,0.0
20260222,21.0,3.0,阪神,日,9.0,ワイド,02―05,300.0,―,―,0.0,0.0
20260222,21.0,01,阪神,日,9.0,馬連フォーメーション,02／02；05；06；09；10,1200.0,―,―,0.0,0.0
20260222,21.0,02,阪神,日,9.0,ワイド,02―10,500.0,―,―,0.0,0.0
20260222,21.0,03,阪神,日,9.0,ワイド,02―05,300.0,―,―,0.0,0.0
20260222,22.0,1.0,阪神,日,10.0,馬連,01―07,500.0,―,―,0.0,0.0
20260222,22.0,2.0,阪神,日,10.0,馬連,02―07,500.0,的中02―07,550,2750.0,0.0
20260222,22.0,3.0,阪神,日,10.0,馬連,07―08,1000.0,―,―,0.0,0.0
20260222,22.0,01,阪神,日,10.0,馬連,01―07,500.0,―,―,0.0,0.0
20260222,22.0,02,阪神,日,10.0,馬連,02―07,500.0,的中02―07,550,2750.0,0.0
20260222,22.0,03,阪神,日,10.0,馬連,07―08,1000.0,―,―,0.0,0.0
20260222,23.0,1.0,東京,日,10.0,馬連,03―05,500.0,―,―,0.0,0.0
20260222,23.0,2.0,東京,日,10.0,馬連,03―08,1000.0,的中03―08,370,3700.0,0.0
20260222,23.0,3.0,東京,日,10.0,馬連,05―08,500.0,―,―,0.0,0.0
20260222,23.0,01,東京,日,10.0,馬連,03―05,500.0,―,―,0.0,0.0
20260222,23.0,02,東京,日,10.0,馬連,03―08,1000.0,的中03―08,370,3700.0,0.0
20260222,23.0,03,東京,日,10.0,馬連,05―08,500.0,―,―,0.0,0.0
20260222,24.0,1.0,東京,日,11.0,単勝,14,500.0,―,―,0.0,0.0
20260222,24.0,2.0,東京,日,11.0,馬連フォーメーション,14／01；12；13,1500.0,的中12―14,890,4450.0,0.0
20260222,24.0,3.0,東京,日,11.0,ワイドフォーメーション,14／01；13；15；16,2000.0,―,―,0.0,0.0
20260222,24.0,4.0,東京,日,11.0,3連複フォーメーション,14／01；13；14／01；02；03；04；05；06；09；12；13；14；15；16,1900.0,―,―,0.0,0.0
20260222,24.0,5.0,東京,日,11.0,3連複軸1頭ながし,14／01；12；13；15；16,1000.0,―,―,0.0,0.0
20260222,24.0,6.0,東京,日,11.0,3連単フォーメーション,12；14／12；14／01；02；03；04；05；06；09；12；13；14；15；16,2000.0,的中12→14→09,5080,5080.0,0.0
20260222,24.0,01,東京,日,11.0,単勝,14,500.0,―,―,0.0,0.0
20260222,24.0,02,東京,日,11.0,馬連フォーメーション,14／01；12；13,1500.0,的中12―14,890,4450.0,0.0
20260222,24.0,03,東京,日,11.0,ワイドフォーメーション,14／01；13；15；16,2000.0,―,―,0.0,0.0
20260222,24.0,04,東京,日,11.0,3連複フォーメーション,14／01；13；14／01；02；03；04；05；06；09；12；13；14；15；16,1900.0,―,―,0.0,0.0
20260222,24.0,05,東京,日,11.0,3連複軸1頭ながし,14／01；12；13；15；16,1000.0,―,―,0.0,0.0
20260222,24.0,06,東京,日,11.0,3連単フォーメーション,12；14／12；14／01；02；03；04；05；06；09；12；13；14；15；16,2000.0,的中12→14→09,5080,5080.0,0.0
20260222,25.0,1.0,阪神,日,12.0,馬連,11―14,800.0,―,―,0.0,0.0
20260222,25.0,2.0,阪神,日,12.0,馬連,03―11,300.0,―,―,0.0,0.0
20260222,25.0,3.0,阪神,日,12.0,馬連,05―11,300.0,―,―,0.0,0.0
20260222,25.0,4.0,阪神,日,12.0,馬連,06―11,600.0,―,―,0.0,0.0
20260222,25.0,01,阪神,日,12.0,馬連,11―14,800.0,―,―,0.0,0.0
20260222,25.0,02,阪神,日,12.0,馬連,03―11,300.0,―,―,0.0,0.0
20260222,25.0,03,阪神,日,12.0,馬連,05―11,300.0,―,―,0.0,0.0
20260222,25.0,04,阪神,日,12.0,馬連,06―11,600.0,―,―,0.0,0.0
20260222,26.0,1.0,東京,日,12.0,馬連,02―03,700.0,―,―,0.0,0.0
20260222,26.0,2.0,東京,日,12.0,馬連,03―16,800.0,―,―,0.0,0.0
20260222,26.0,3.0,東京,日,12.0,馬連,03―09,500.0,―,―,0.0,0.0
20260222,26.0,01,東京,日,12.0,馬連,02―03,700.0,―,―,0.0,0.0
20260222,26.0,02,東京,日,12.0,馬連,03―16,800.0,―,―,0.0,0.0
20260222,26.0,03,東京,日,12.0,馬連,03―09,500.0,―,―,0.0,0.0
20260228,1.0,1,中山,土,1.0,単勝,14,400.0,的中14,650,2600.0,0.0
20260228,1.0,1,中山,土,3.0,単勝,07,200.0,―,―,0.0,0.0
20260228,1.0,1.0,中山,土,1.0,単勝,14,400.0,的中14,650,2600.0,0.0
20260228,1.0,1.0,中山,土,3.0,単勝,07,200.0,―,―,0.0,0.0
20260228,1.0,2,中山,土,1.0,複勝,14,800.0,的中14,190,1520.0,0.0
20260228,1.0,2,中山,土,3.0,複勝,07,800.0,―,―,0.0,0.0
20260228,1.0,2.0,中山,土,1.0,複勝,14,800.0,的中14,190,1520.0,0.0
20260228,1.0,2.0,中山,土,3.0,複勝,07,800.0,―,―,0.0,0.0
20260228,1.0,3,中山,土,1.0,馬連ながし,14／16,200.0,―,―,0.0,0.0
20260228,1.0,3,中山,土,3.0,ワイド,03-07,100.0,―,―,0.0,0.0
20260228,1.0,3,中山,土,3.0,ワイド,07-13,300.0,―,―,0.0,0.0
20260228,1.0,3,中山,土,3.0,ワイド,07-16,200.0,―,―,0.0,0.0
20260228,1.0,3,中山,土,3.0,ワイド,07-08,400.0,―,―,0.0,0.0
20260228,1.0,3.0,中山,土,1.0,馬連ながし,14／16,200.0,―,―,0.0,0.0
20260228,1.0,3.0,中山,土,3.0,ワイド,03-07,100.0,―,―,0.0,0.0
20260228,1.0,3.0,中山,土,3.0,ワイド,07-13,300.0,―,―,0.0,0.0
20260228,1.0,3.0,中山,土,3.0,ワイド,07-16,200.0,―,―,0.0,0.0
20260228,1.0,3.0,中山,土,3.0,ワイド,07-08,400.0,―,―,0.0,0.0
20260228,1.0,4,中山,土,1.0,ワイドながし,14／11；12；15,600.0,―,―,0.0,0.0
20260228,1.0,4.0,中山,土,1.0,ワイドながし,14／11；12；15,600.0,―,―,0.0,0.0
20260228,2.0,1,中山,土,2.0,単勝,15,400.0,―,―,0.0,0.0
20260228,2.0,1,中山,土,4.0,単勝,11,400.0,―,―,0.0,0.0
20260228,2.0,1.0,中山,土,2.0,単勝,15,400.0,―,―,0.0,0.0
20260228,2.0,1.0,中山,土,4.0,単勝,11,400.0,―,―,0.0,0.0
20260228,2.0,2,中山,土,2.0,複勝,15,800.0,的中15,140,1120.0,0.0
20260228,2.0,2,中山,土,4.0,複勝,11,800.0,―,―,0.0,0.0
20260228,2.0,2.0,中山,土,2.0,複勝,15,800.0,的中15,140,1120.0,0.0
20260228,2.0,2.0,中山,土,4.0,複勝,11,800.0,―,―,0.0,0.0
20260228,2.0,3,中山,土,2.0,馬連,13―15,100.0,―,―,0.0,0.0
20260228,2.0,3,中山,土,4.0,ワイド,02-11,200.0,―,―,0.0,0.0
20260228,2.0,3,中山,土,4.0,ワイド,05-11,500.0,―,―,0.0,0.0
20260228,2.0,3,中山,土,4.0,ワイド,02-05,100.0,―,―,0.0,0.0
20260228,2.0,3.0,中山,土,2.0,馬連,13―15,100.0,―,―,0.0,0.0
20260228,2.0,3.0,中山,土,4.0,ワイド,02-11,200.0,―,―,0.0,0.0
20260228,2.0,3.0,中山,土,4.0,ワイド,05-11,500.0,―,―,0.0,0.0
20260228,2.0,3.0,中山,土,4.0,ワイド,02-05,100.0,―,―,0.0,0.0
20260228,2.0,4,中山,土,2.0,馬連,09―15,300.0,的中09―15,430,1290.0,0.0
20260228,2.0,4.0,中山,土,2.0,馬連,09―15,300.0,的中09―15,430,1290.0,0.0
20260228,2.0,5,中山,土,2.0,ワイドフォーメーション,15／13；14,400.0,的中13―15,660,1320.0,0.0
20260228,2.0,5.0,中山,土,2.0,ワイドフォーメーション,15／13；14,400.0,的中13―15,660,1320.0,0.0
20260228,3.0,1,中山,土,5.0,単勝,07,500.0,―,―,0.0,0.0
20260228,3.0,1.0,中山,土,5.0,単勝,07,500.0,―,―,0.0,0.0
20260228,3.0,2,中山,土,5.0,複勝,07,500.0,―,―,0.0,0.0
20260228,3.0,2.0,中山,土,5.0,複勝,07,500.0,―,―,0.0,0.0
20260228,3.0,3,中山,土,5.0,ワイド,02-17,300.0,―,―,0.0,0.0
20260228,3.0,3,中山,土,5.0,ワイド,07-17,400.0,―,―,0.0,0.0
20260228,3.0,3,中山,土,5.0,ワイド,02-07,300.0,―,―,0.0,0.0
20260228,3.0,3.0,中山,土,5.0,ワイド,02-17,300.0,―,―,0.0,0.0
20260228,3.0,3.0,中山,土,5.0,ワイド,07-17,400.0,―,―,0.0,0.0
20260228,3.0,3.0,中山,土,5.0,ワイド,02-07,300.0,―,―,0.0,0.0
20260228,4.0,1,中山,土,6.0,単勝,05,300.0,―,―,0.0,0.0
20260228,4.0,1,中山,土,6.0,単勝,04,200.0,―,―,0.0,0.0
20260228,4.0,1.0,中山,土,6.0,単勝,05,300.0,―,―,0.0,0.0
20260228,4.0,1.0,中山,土,6.0,単勝,04,200.0,―,―,0.0,0.0
20260228,4.0,2,中山,土,6.0,複勝,05,600.0,的中05,170,1020.0,0.0
20260228,4.0,2.0,中山,土,6.0,複勝,05,600.0,的中05,170,1020.0,0.0
20260228,4.0,3,中山,土,6.0,ワイド,04-05,200.0,―,―,0.0,0.0
20260228,4.0,3,中山,土,6.0,ワイド,05-08,500.0,的中05-08,680,1700.0,0.0
20260228,4.0,3,中山,土,6.0,ワイド,04-08,200.0,―,―,0.0,0.0
20260228,4.0,3.0,中山,土,6.0,ワイド,04-05,200.0,―,―,0.0,0.0
20260228,4.0,3.0,中山,土,6.0,ワイド,05-08,500.0,的中05-08,680,1700.0,0.0
20260228,4.0,3.0,中山,土,6.0,ワイド,04-08,200.0,―,―,0.0,0.0
20260228,5.0,3,中山,土,7.0,ワイド,09-15,400.0,―,―,0.0,0.0
20260228,5.0,3,中山,土,7.0,ワイド,13-15,1000.0,的中13-15,1150,2300.0,0.0
20260228,5.0,3,中山,土,7.0,ワイド,14-15,300.0,―,―,0.0,0.0
20260228,5.0,3,中山,土,7.0,ワイド,08-15,200.0,―,―,0.0,0.0
20260228,5.0,3,中山,土,7.0,馬連,09-15,100.0,―,―,0.0,0.0
20260228,5.0,3.0,中山,土,7.0,ワイド,09-15,400.0,―,―,0.0,0.0
20260228,5.0,3.0,中山,土,7.0,ワイド,13-15,1000.0,的中13-15,1150,2300.0,0.0
20260228,5.0,3.0,中山,土,7.0,ワイド,14-15,300.0,―,―,0.0,0.0
20260228,5.0,3.0,中山,土,7.0,ワイド,08-15,200.0,―,―,0.0,0.0
20260228,5.0,3.0,中山,土,7.0,馬連,09-15,100.0,―,―,0.0,0.0
20260228,6.0,1,中山,土,8.0,単勝,07,400.0,―,―,0.0,0.0
20260228,6.0,1.0,中山,土,8.0,単勝,07,400.0,―,―,0.0,0.0
20260228,6.0,2,中山,土,8.0,複勝,07,700.0,的中07,190,1330.0,0.0
20260228,6.0,2.0,中山,土,8.0,複勝,07,700.0,的中07,190,1330.0,0.0
20260228,6.0,3,中山,土,8.0,ワイド,01-07,500.0,的中01-07,370,0.0,0.0
20260228,6.0,3,中山,土,8.0,馬連フォーメーション,07／01；12,400.0,―,―,1660.0,0.0
20260228,6.0,3.0,中山,土,8.0,ワイド,01-07,500.0,的中01-07,370,0.0,0.0
20260228,6.0,3.0,中山,土,8.0,馬連フォーメーション,07／01；12,400.0,―,―,1660.0,0.0
20260228,7.0,3,中山,土,9.0,ワイド,04-06,300.0,―,―,0.0,0.0
20260228,7.0,3,中山,土,9.0,ワイド,04-08,1000.0,―,―,0.0,0.0
20260228,7.0,3,中山,土,9.0,馬連,04-08,400.0,―,―,0.0,0.0
20260228,7.0,3,中山,土,9.0,ワイド,06-08,300.0,―,―,0.0,0.0
20260228,7.0,3.0,中山,土,9.0,ワイド,04-06,300.0,―,―,0.0,0.0
20260228,7.0,3.0,中山,土,9.0,ワイド,04-08,1000.0,―,―,0.0,0.0
20260228,7.0,3.0,中山,土,9.0,馬連,04-08,400.0,―,―,0.0,0.0
20260228,7.0,3.0,中山,土,9.0,ワイド,06-08,300.0,―,―,0.0,0.0
20260228,8.0,1,中山,土,10.0,単勝,16,400.0,―,―,0.0,0.0
20260228,8.0,1.0,中山,土,10.0,単勝,16,400.0,―,―,0.0,0.0
20260228,8.0,2,中山,土,10.0,複勝,16,600.0,的中16,330,1980.0,0.0
20260228,8.0,2.0,中山,土,10.0,複勝,16,600.0,的中16,330,1980.0,0.0
20260228,8.0,3,中山,土,10.0,ワイド,06-16,500.0,―,―,0.0,0.0
20260228,8.0,3,中山,土,10.0,ワイド,09-16,500.0,―,―,0.0,0.0
20260228,8.0,3.0,中山,土,10.0,ワイド,06-16,500.0,―,―,0.0,0.0
20260228,8.0,3.0,中山,土,10.0,ワイド,09-16,500.0,―,―,0.0,0.0
20260228,9.0,1,中山,土,11.0,単勝,02,300.0,―,―,0.0,0.0
20260228,9.0,1.0,中山,土,11.0,単勝,02,300.0,―,―,0.0,0.0
20260228,9.0,2,中山,土,11.0,複勝,02,1000.0,―,―,0.0,0.0
20260228,9.0,2.0,中山,土,11.0,複勝,02,1000.0,―,―,0.0,0.0
20260228,9.0,3,中山,土,11.0,３連複フォーメーション,"02,11,14／02,11,14／01,02,03,05,09,10,11,14",2100.0,―,―,0.0,0.0
20260228,9.0,3.0,中山,土,11.0,３連複フォーメーション,"02,11,14／02,11,14／01,02,03,05,09,10,11,14",2100.0,―,―,0.0,0.0
20260228,9.0,4,中山,土,11.0,ワイドＢＯＸ,02；08；11,900.0,―,―,0.0,0.0
20260228,9.0,4.0,中山,土,11.0,ワイドＢＯＸ,02；08；11,900.0,―,―,0.0,0.0
20260228,10.0,1,中山,土,12.0,単勝,01,400.0,―,―,0.0,0.0
20260228,10.0,1.0,中山,土,12.0,単勝,01,400.0,―,―,0.0,0.0
20260228,10.0,2,中山,土,12.0,複勝,01,600.0,―,―,0.0,0.0
20260228,10.0,2.0,中山,土,12.0,複勝,01,600.0,―,―,0.0,0.0
20260228,10.0,3,中山,土,12.0,ワイド,01-10,500.0,―,―,0.0,0.0
20260228,10.0,3,中山,土,12.0,ワイド,01-13,500.0,―,―,0.0,0.0
20260228,10.0,3.0,中山,土,12.0,ワイド,01-10,500.0,―,―,0.0,0.0
20260228,10.0,3.0,中山,土,12.0,ワイド,01-13,500.0,―,―,0.0,0.0
20260228,10.0,4,中山,土,12.0,３連複フォーメーション,"01／07,13／03,07,09,10,12,13",1000.0,―,―,0.0,0.0
20260228,10.0,4.0,中山,土,12.0,３連複フォーメーション,"01／07,13／03,07,09,10,12,13",1000.0,―,―,0.0,0.0
20260301,3.0,1,阪神,日,11.0,単勝,13.0,1000.0,的中13,440.0,4400.0,0.0
20260301,3.0,1.0,阪神,日,11.0,単勝,13.0,1000.0,的中13,440.0,4400.0,0.0
20260301,3.0,2,阪神,日,11.0,複勝,13.0,1000.0,的中13,130.0,1300.0,0.0
20260301,3.0,2.0,阪神,日,11.0,複勝,13.0,1000.0,的中13,130.0,1300.0,0.0
20260301,11.0,1,中山,日,11.0,ワイド,01-10,1000.0,―,―,0.0,0.0
20260301,11.0,1.0,中山,日,11.0,ワイド,01-10,1000.0,―,―,0.0,0.0
20260308,1.0,1,中山,日,9.0,複勝,16,1000.0,的中16,360,3600.0,0.0
20260308,1.0,1.0,中山,日,9.0,複勝,16,1000.0,的中16,360,3600.0,0.0
20260308,2.0,1,中山,日,11.0,ワイドフォーメーション,04／01；05,1000.0,―,―,0.0,0.0
20260308,2.0,1.0,中山,日,11.0,ワイドフォーメーション,04／01；05,1000.0,―,―,0.0,0.0
20260308,2.0,2,中山,日,11.0,３連複フォーメーション,"04,06／04,06／01,04,05,06,08,09,10",1000.0,―,―,0.0,0.0
20260308,2.0,2.0,中山,日,11.0,３連複フォーメーション,"04,06／04,06／01,04,05,06,08,09,10",1000.0,―,―,0.0,0.0
20260308,3.0,1,阪神,日,9.0,ワイド,04-12,1000.0,―,―,0.0,0.0
20260308,3.0,1.0,阪神,日,9.0,ワイド,04-12,1000.0,―,―,0.0,0.0
20260308,4.0,1,阪神,日,10.0,ワイド,01-07,400.0,―,―,0.0,0.0
20260308,4.0,1,阪神,日,10.0,ワイド,04-07,500.0,―,―,0.0,0.0
20260308,4.0,1,阪神,日,10.0,ワイド,07-14,300.0,―,―,0.0,0.0
20260308,4.0,1.0,阪神,日,10.0,ワイド,01-07,400.0,―,―,0.0,0.0
20260308,4.0,1.0,阪神,日,10.0,ワイド,04-07,500.0,―,―,0.0,0.0
20260308,4.0,1.0,阪神,日,10.0,ワイド,07-14,300.0,―,―,0.0,0.0
20260308,5.0,1,阪神,日,11.0,ワイド,06-08,1000.0,―,―,0.0,0.0
20260308,5.0,1.0,阪神,日,11.0,ワイド,06-08,1000.0,―,―,0.0,0.0
20260314,1.0,1,阪神,土,3.0,複勝,13,100.0,―,―,0.0,0.0
20260314,1.0,1.0,阪神,土,3.0,複勝,13,100.0,―,―,0.0,0.0
20260315,1.0,1.0,中山,日,4.0,ワイドＢＯＸ,02；03；06,1500.0,―,―,0.0,0.0
20260315,1.0,1.0,中山,日,3.0,複勝,13,1000.0,―,―,0.0,0.0
20260315,1.0,1.0,阪神,日,3.0,ワイド,12-14,1000.0,―,―,0.0,0.0
20260315,1.0,1.0,中京,日,3.0,ワイド,04-12,1000.0,―,―,0.0,0.0
20260315,1.0,01,中山,日,4.0,ワイドＢＯＸ,02；03；06,1500.0,―,―,0.0,0.0
20260315,1.0,01,中山,日,3.0,複勝,13,1000.0,―,―,0.0,0.0
20260315,1.0,01,阪神,日,3.0,ワイド,12-14,1000.0,―,―,0.0,0.0
20260315,1.0,01,中京,日,3.0,ワイド,04-12,1000.0,―,―,0.0,0.0
20260315,2.0,1.0,中山,日,8.0,ワイドフォーメーション,08／01；07,1000.0,的中01―08／的中07―08,150／130,1400.0,0.0
20260315,2.0,01,中山,日,8.0,ワイドフォーメーション,08／01；07,1000.0,的中01―08／的中07―08,150／130,1400.0,0.0
20260315,3.0,1.0,中山,日,10.0,単勝,11,1000.0,―,―,0.0,0.0
20260315,3.0,2.0,中山,日,10.0,ワイドフォーメーション,11／05；13,1000.0,―,―,0.0,0.0
20260315,3.0,01,中山,日,10.0,単勝,11,1000.0,―,―,0.0,0.0
20260315,3.0,02,中山,日,10.0,ワイドフォーメーション,11／05；13,1000.0,―,―,0.0,0.0
20260315,4.0,1.0,中京,日,11.0,ワイドフォーメーション,02／01；04,1000.0,―,―,0.0,0.0
20260315,4.0,2.0,中京,日,11.0,馬単,02→01,100.0,―,―,0.0,0.0
20260315,4.0,3.0,中京,日,11.0,3連複フォーメーション,02／01；04／01；02；03；04；10；11；12,900.0,―,―,0.0,0.0
20260315,4.0,01,中京,日,11.0,ワイドフォーメーション,02／01；04,1000.0,―,―,0.0,0.0
20260315,4.0,02,中京,日,11.0,馬単,02→01,100.0,―,―,0.0,0.0
20260315,4.0,03,中京,日,11.0,3連複フォーメーション,02／01；04／01；02；03；04；10；11；12,900.0,―,―,0.0,0.0
20260315,5.0,1.0,中山,日,11.0,単勝,15,1000.0,的中15,1940,19400.0,0.0
20260315,5.0,2.0,中山,日,11.0,馬連フォーメーション,15／02；12,1000.0,的中02―15,4410,22050.0,0.0
20260315,5.0,3.0,中山,日,11.0,ワイド,02―15,1000.0,的中02―15,1220,12200.0,0.0
20260315,5.0,01,中山,日,11.0,単勝,15,1000.0,的中15,1940,19400.0,0.0
20260315,5.0,02,中山,日,11.0,馬連フォーメーション,15／02；12,1000.0,的中02―15,4410,22050.0,0.0
20260315,5.0,03,中山,日,11.0,ワイド,02―15,1000.0,的中02―15,1220,12200.0,0.0
20260315,6.0,1.0,中山,日,11.0,3連複フォーメーション,02；15／02；10；15／02；03；04；10；11；12；13；15；16,1900.0,―,―,0.0,0.0
20260315,6.0,01,中山,日,11.0,3連複フォーメーション,02；15／02；10；15／02；03；04；10；11；12；13；15；16,1900.0,―,―,0.0,0.0
20260315,7.0,1.0,阪神,日,12.0,複勝,08,1000.0,的中08,140,1400.0,0.0
20260315,7.0,01,阪神,日,12.0,複勝,08,1000.0,的中08,140,1400.0,0.0
20260315,8.0,1.0,中山,日,12.0,ワイドフォーメーション,03／07；15,1000.0,―,―,0.0,0.0
20260315,8.0,01,中山,日,12.0,ワイドフォーメーション,03／07；15,1000.0,―,―,0.0,0.0
20260321,1.0,1.0,中京,土,1.0,複勝,11,500.0,―,―,0.0,0.0
20260321,1.0,01,中京,土,1.0,複勝,11,500.0,―,―,0.0,0.0
20260321,2.0,1.0,中山,土,1.0,単勝,08,1000.0,的中08,390,3900.0,0.0
20260321,2.0,2.0,中山,土,1.0,ワイド,05―08,1000.0,―,―,0.0,0.0
20260321,2.0,01,中山,土,1.0,単勝,08,1000.0,的中08,390,3900.0,0.0
20260321,2.0,02,中山,土,1.0,ワイド,05―08,1000.0,―,―,0.0,0.0
20260321,3.0,1.0,阪神,土,2.0,単勝,03,500.0,―,―,0.0,0.0
20260321,3.0,2.0,阪神,土,2.0,馬単,10→03,500.0,―,―,0.0,0.0
20260321,3.0,01,阪神,土,2.0,単勝,03,500.0,―,―,0.0,0.0
20260321,3.0,02,阪神,土,2.0,馬単,10→03,500.0,―,―,0.0,0.0
20260321,4.0,1.0,中山,土,2.0,単勝,11,100.0,―,―,0.0,0.0
20260321,4.0,2.0,中山,土,2.0,単勝,09,100.0,―,―,0.0,0.0
20260321,4.0,3.0,中山,土,2.0,馬連ＢＯＸ,03；06；08；09；11,1000.0,的中03―08,1080,1080.0,0.0
20260321,4.0,01,中山,土,2.0,単勝,11,100.0,―,―,0.0,0.0
20260321,4.0,02,中山,土,2.0,単勝,09,100.0,―,―,0.0,0.0
20260321,4.0,03,中山,土,2.0,馬連ＢＯＸ,03；06；08；09；11,1000.0,的中03―08,1080,1080.0,0.0
20260321,5.0,1.0,中京,土,3.0,単勝,01,1000.0,的中01,150,1500.0,0.0
20260321,5.0,01,中京,土,3.0,単勝,01,1000.0,的中01,150,1500.0,0.0
20260321,6.0,1.0,阪神,土,3.0,単勝,09,1000.0,―,―,0.0,0.0
20260321,6.0,01,阪神,土,3.0,単勝,09,1000.0,―,―,0.0,0.0
20260321,7.0,1.0,中山,土,4.0,単勝,08,1000.0,的中08,130,1300.0,0.0
20260321,7.0,01,中山,土,4.0,単勝,08,1000.0,的中08,130,1300.0,0.0
20260321,8.0,1.0,中京,土,7.0,単勝,03,200.0,―,―,0.0,0.0
20260321,8.0,2.0,中京,土,7.0,複勝,03,300.0,―,―,0.0,0.0
20260321,8.0,01,中京,土,7.0,単勝,03,200.0,―,―,0.0,0.0
20260321,8.0,02,中京,土,7.0,複勝,03,300.0,―,―,0.0,0.0
20260321,9.0,1.0,阪神,土,7.0,単勝,08,1000.0,―,―,0.0,0.0
20260321,9.0,01,阪神,土,7.0,単勝,08,1000.0,―,―,0.0,0.0
20260321,10.0,1.0,中山,土,7.0,単勝,14,1000.0,―,―,0.0,0.0
20260321,10.0,01,中山,土,7.0,単勝,14,1000.0,―,―,0.0,0.0
20260321,11.0,1.0,中京,土,7.0,単勝,05,1000.0,―,―,0.0,0.0
20260321,11.0,01,中京,土,7.0,単勝,05,1000.0,―,―,0.0,0.0
20260321,12.0,1.0,中京,土,6.0,単勝,04,300.0,的中04,340,1020.0,0.0
20260321,12.0,2.0,中京,土,6.0,複勝,04,1000.0,的中04,140,1400.0,0.0
20260321,12.0,01,中京,土,6.0,単勝,04,300.0,的中04,340,1020.0,0.0
20260321,12.0,02,中京,土,6.0,複勝,04,1000.0,的中04,140,1400.0,0.0
20260321,13.0,1.0,阪神,土,7.0,ワイド,04―08,1000.0,―,―,0.0,0.0
20260321,13.0,01,阪神,土,7.0,ワイド,04―08,1000.0,―,―,0.0,0.0
20260321,14.0,1.0,阪神,土,10.0,単勝,02,1000.0,―,―,0.0,0.0
20260321,14.0,01,阪神,土,10.0,単勝,02,1000.0,―,―,0.0,0.0
20260321,15.0,1.0,中京,土,5.0,馬単フォーメーション,06／02；18,200.0,―,―,0.0,0.0
20260321,15.0,01,中京,土,5.0,馬単フォーメーション,06／02；18,200.0,―,―,0.0,0.0
20260321,16.0,1.0,中山,土,5.0,複勝,10,1000.0,的中10,110,1100.0,0.0
20260321,16.0,01,中山,土,5.0,複勝,10,1000.0,的中10,110,1100.0,0.0
20260321,17.0,1.0,中山,土,9.0,ワイド,06―10,1000.0,―,―,0.0,0.0
20260321,17.0,01,中山,土,9.0,ワイド,06―10,1000.0,―,―,0.0,0.0
20260321,18.0,1.0,中京,土,10.0,単勝,06,1000.0,―,―,0.0,0.0
20260321,18.0,01,中京,土,10.0,単勝,06,1000.0,―,―,0.0,0.0
20260321,19.0,1.0,阪神,土,10.0,ワイド,02―11,1000.0,―,―,0.0,0.0
20260321,19.0,2.0,阪神,土,10.0,ワイドフォーメーション,15／02；11,1000.0,―,―,0.0,0.0
20260321,19.0,01,阪神,土,10.0,ワイド,02―11,1000.0,―,―,0.0,0.0
20260321,19.0,02,阪神,土,10.0,ワイドフォーメーション,15／02；11,1000.0,―,―,0.0,0.0
20260321,20.0,1.0,中山,土,10.0,枠連フォーメーション,4／7；8,600.0,的中4―7,790,2370.0,0.0
20260321,20.0,2.0,中山,土,10.0,ワイド,04―05,1000.0,―,―,0.0,0.0
20260321,20.0,01,中山,土,10.0,枠連フォーメーション,4／7；8,600.0,的中4―7,790,2370.0,0.0
20260321,20.0,02,中山,土,10.0,ワイド,04―05,1000.0,―,―,0.0,0.0
20260321,21.0,1.0,中京,土,11.0,単勝,17,1000.0,―,―,0.0,0.0
20260321,21.0,2.0,中京,土,11.0,ワイド,09―17,1000.0,―,―,0.0,0.0
20260321,21.0,01,中京,土,11.0,単勝,17,1000.0,―,―,0.0,0.0
20260321,21.0,02,中京,土,11.0,ワイド,09―17,1000.0,―,―,0.0,0.0
20260321,22.0,1.0,阪神,土,11.0,単勝,12,1000.0,―,―,0.0,0.0
20260321,22.0,2.0,阪神,土,11.0,ワイド,02―12,1000.0,―,―,0.0,0.0
20260321,22.0,01,阪神,土,11.0,単勝,12,1000.0,―,―,0.0,0.0
20260321,22.0,02,阪神,土,11.0,ワイド,02―12,1000.0,―,―,0.0,0.0
20260321,23.0,1.0,中山,土,11.0,単勝,01,1000.0,―,―,0.0,0.0
20260321,23.0,2.0,中山,土,11.0,ワイド,01―08,1000.0,―,―,0.0,0.0
20260321,23.0,3.0,中山,土,11.0,ワイドフォーメーション,03／01；08,2000.0,―,―,0.0,0.0
20260321,23.0,4.0,中山,土,11.0,3連単フォーメーション,08／01；03；05；08；13／01；03；05；08；13,1200.0,―,―,0.0,0.0
20260321,23.0,01,中山,土,11.0,単勝,01,1000.0,―,―,0.0,0.0
20260321,23.0,02,中山,土,11.0,ワイド,01―08,1000.0,―,―,0.0,0.0
20260321,23.0,03,中山,土,11.0,ワイドフォーメーション,03／01；08,2000.0,―,―,0.0,0.0
20260321,23.0,04,中山,土,11.0,3連単フォーメーション,08／01；03；05；08；13／01；03；05；08；13,1200.0,―,―,0.0,0.0
20260321,24.0,1.0,中京,土,12.0,複勝,05,1000.0,的中05,130,1300.0,0.0
20260321,24.0,01,中京,土,12.0,複勝,05,1000.0,的中05,130,1300.0,0.0
20260321,25.0,1.0,阪神,土,12.0,単勝,03,1000.0,―,―,0.0,0.0
20260321,25.0,01,阪神,土,12.0,単勝,03,1000.0,―,―,0.0,0.0
20260321,26.0,1.0,阪神,土,12.0,ワイド,03―09,1000.0,―,―,0.0,0.0
20260321,26.0,01,阪神,土,12.0,ワイド,03―09,1000.0,―,―,0.0,0.0
20260321,27.0,1.0,中山,土,12.0,複勝,11,1000.0,的中11,140,1400.0,0.0
20260321,27.0,01,中山,土,12.0,複勝,11,1000.0,的中11,140,1400.0,0.0
20260322,28.0,1.0,中京,日,1.0,単勝,12,100.0,―,―,0.0,0.0
20260322,28.0,2.0,中京,日,1.0,複勝,12,1000.0,的中12,110,1100.0,0.0
20260322,28.0,3.0,中京,日,1.0,ワイドながし,12／08；09；11,900.0,的中11―12,410,1230.0,0.0
20260322,28.0,01,中京,日,1.0,単勝,12,100.0,―,―,0.0,0.0
20260322,28.0,02,中京,日,1.0,複勝,12,1000.0,的中12,110,1100.0,0.0
20260322,28.0,03,中京,日,1.0,ワイドながし,12／08；09；11,900.0,的中11―12,410,1230.0,0.0
20260322,29.0,1.0,中山,日,1.0,単勝,15,1000.0,―,―,0.0,0.0
20260322,29.0,2.0,中山,日,1.0,ワイド,09―15,1000.0,的中09―15,500,5000.0,0.0
20260322,29.0,01,中山,日,1.0,単勝,15,1000.0,―,―,0.0,0.0
20260322,29.0,02,中山,日,1.0,ワイド,09―15,1000.0,的中09―15,500,5000.0,0.0
20260322,30.0,1.0,阪神,日,1.0,ワイド,06―14,1000.0,的中06―14,330,3300.0,0.0
20260322,30.0,01,阪神,日,1.0,ワイド,06―14,1000.0,的中06―14,330,3300.0,0.0
20260322,31.0,1.0,中山,日,2.0,馬連,03―06,1000.0,―,―,0.0,0.0
20260322,31.0,01,中山,日,2.0,馬連,03―06,1000.0,―,―,0.0,0.0
20260322,32.0,1.0,中京,日,2.0,単勝,10,100.0,―,―,0.0,0.0
20260322,32.0,2.0,中京,日,2.0,複勝,10,100.0,―,―,0.0,0.0
20260322,32.0,3.0,中京,日,2.0,ワイドＢＯＸ,09；10；14,600.0,的中09―14,340,680.0,0.0
20260322,32.0,01,中京,日,2.0,単勝,10,100.0,―,―,0.0,0.0
20260322,32.0,02,中京,日,2.0,複勝,10,100.0,―,―,0.0,0.0
20260322,32.0,03,中京,日,2.0,ワイドＢＯＸ,09；10；14,600.0,的中09―14,340,680.0,0.0
20260322,33.0,1.0,中京,日,3.0,単勝,12,500.0,―,―,0.0,0.0
20260322,33.0,2.0,中京,日,3.0,単勝,07,500.0,―,―,0.0,0.0
20260322,33.0,3.0,中京,日,3.0,ワイド,07―12,1000.0,―,―,0.0,0.0
20260322,33.0,01,中京,日,3.0,単勝,12,500.0,―,―,0.0,0.0
20260322,33.0,02,中京,日,3.0,単勝,07,500.0,―,―,0.0,0.0
20260322,33.0,03,中京,日,3.0,ワイド,07―12,1000.0,―,―,0.0,0.0
20260322,34.0,1.0,中山,日,3.0,単勝,09,1000.0,―,―,0.0,0.0
20260322,34.0,01,中山,日,3.0,単勝,09,1000.0,―,―,0.0,0.0
20260322,35.0,1.0,阪神,日,3.0,単勝,12,500.0,―,―,0.0,0.0
20260322,35.0,2.0,阪神,日,3.0,馬連,12―13,500.0,―,―,0.0,0.0
20260322,35.0,3.0,阪神,日,3.0,ワイド,12―13,1000.0,―,―,0.0,0.0
20260322,35.0,01,阪神,日,3.0,単勝,12,500.0,―,―,0.0,0.0
20260322,35.0,02,阪神,日,3.0,馬連,12―13,500.0,―,―,0.0,0.0
20260322,35.0,03,阪神,日,3.0,ワイド,12―13,1000.0,―,―,0.0,0.0
20260322,36.0,1.0,中山,日,4.0,ワイド,07―08,1000.0,―,―,0.0,0.0
20260322,36.0,01,中山,日,4.0,ワイド,07―08,1000.0,―,―,0.0,0.0
20260322,37.0,1.0,阪神,日,4.0,単勝,08,1000.0,的中08,270,2700.0,0.0
20260322,37.0,2.0,阪神,日,4.0,馬連フォーメーション,08／03；05；06,900.0,的中03―08,990,2970.0,0.0
20260322,37.0,3.0,阪神,日,4.0,3連複フォーメーション,08／03；05；06／03；05；06,600.0,的中03―06―08,930,1860.0,0.0
20260322,37.0,01,阪神,日,4.0,単勝,08,1000.0,的中08,270,2700.0,0.0
20260322,37.0,02,阪神,日,4.0,馬連フォーメーション,08／03；05；06,900.0,的中03―08,990,2970.0,0.0
20260322,37.0,03,阪神,日,4.0,3連複フォーメーション,08／03；05；06／03；05；06,600.0,的中03―06―08,930,1860.0,0.0
20260322,38.0,1.0,中京,日,5.0,単勝,06,1000.0,―,―,0.0,0.0
20260322,38.0,2.0,中京,日,5.0,ワイド,05―06,500.0,―,―,0.0,0.0
20260322,38.0,3.0,中京,日,5.0,馬単,06→05,300.0,―,―,0.0,0.0
20260322,38.0,01,中京,日,5.0,単勝,06,1000.0,―,―,0.0,0.0
20260322,38.0,02,中京,日,5.0,ワイド,05―06,500.0,―,―,0.0,0.0
20260322,38.0,03,中京,日,5.0,馬単,06→05,300.0,―,―,0.0,0.0
20260322,39.0,1.0,阪神,日,5.0,単勝,07,1000.0,―,―,0.0,0.0
20260322,39.0,2.0,阪神,日,5.0,ワイド,01―07,300.0,―,―,0.0,0.0
20260322,39.0,3.0,阪神,日,5.0,ワイド,06―07,700.0,―,―,0.0,0.0
20260322,39.0,01,阪神,日,5.0,単勝,07,1000.0,―,―,0.0,0.0
20260322,39.0,02,阪神,日,5.0,ワイド,01―07,300.0,―,―,0.0,0.0
20260322,39.0,03,阪神,日,5.0,ワイド,06―07,700.0,―,―,0.0,0.0
20260322,40.0,1.0,中京,日,6.0,馬連,01―02,500.0,―,―,0.0,0.0
20260322,40.0,2.0,中京,日,6.0,ワイド,01―02,1000.0,的中01―02,310,3100.0,0.0
20260322,40.0,3.0,中京,日,6.0,馬単,01→02,200.0,―,―,0.0,0.0
20260322,40.0,4.0,中京,日,6.0,馬単,02→01,300.0,―,―,0.0,0.0
20260322,40.0,01,中京,日,6.0,馬連,01―02,500.0,―,―,0.0,0.0
20260322,40.0,02,中京,日,6.0,ワイド,01―02,1000.0,的中01―02,310,3100.0,0.0
20260322,40.0,03,中京,日,6.0,馬単,01→02,200.0,―,―,0.0,0.0
20260322,40.0,04,中京,日,6.0,馬単,02→01,300.0,―,―,0.0,0.0
20260322,41.0,1.0,中山,日,6.0,単勝,02,1000.0,的中02,240,2400.0,0.0
20260322,41.0,01,中山,日,6.0,単勝,02,1000.0,的中02,240,2400.0,0.0
20260322,42.0,1.0,阪神,日,6.0,ワイド,06―12,900.0,―,―,0.0,0.0
20260322,42.0,2.0,阪神,日,6.0,ワイドフォーメーション,06；12／05；09,800.0,―,―,0.0,0.0
20260322,42.0,3.0,阪神,日,6.0,3連複フォーメーション,12／05；06；09；12／05；06；09；12,300.0,―,―,0.0,0.0
20260322,42.0,01,阪神,日,6.0,ワイド,06―12,900.0,―,―,0.0,0.0
20260322,42.0,02,阪神,日,6.0,ワイドフォーメーション,06；12／05；09,800.0,―,―,0.0,0.0
20260322,42.0,03,阪神,日,6.0,3連複フォーメーション,12／05；06；09；12／05；06；09；12,300.0,―,―,0.0,0.0
20260322,43.0,1.0,中京,日,7.0,単勝,05,1000.0,―,―,0.0,0.0
20260322,43.0,2.0,中京,日,7.0,馬連フォーメーション,05／06；12；14；15,400.0,―,―,0.0,0.0
20260322,43.0,3.0,中京,日,7.0,3連複フォーメーション,05／06；12；13；15／06；12；13；15,600.0,―,―,0.0,0.0
20260322,43.0,01,中京,日,7.0,単勝,05,1000.0,―,―,0.0,0.0
20260322,43.0,02,中京,日,7.0,馬連フォーメーション,05／06；12；14；15,400.0,―,―,0.0,0.0
20260322,43.0,03,中京,日,7.0,3連複フォーメーション,05／06；12；13；15／06；12；13；15,600.0,―,―,0.0,0.0
20260322,44.0,1.0,阪神,日,7.0,単勝,06,1000.0,的中06,210,2100.0,0.0
20260322,44.0,01,阪神,日,7.0,単勝,06,1000.0,的中06,210,2100.0,0.0
20260322,45.0,1.0,中山,日,8.0,単勝,16,1000.0,的中16,230,2300.0,0.0
20260322,45.0,01,中山,日,8.0,単勝,16,1000.0,的中16,230,2300.0,0.0
20260322,46.0,1.0,中京,日,8.0,単勝,12,500.0,的中12,310,1550.0,0.0
20260322,46.0,2.0,中京,日,8.0,ワイド,12―15,500.0,―,―,0.0,0.0
20260322,46.0,01,中京,日,8.0,単勝,12,500.0,的中12,310,1550.0,0.0
20260322,46.0,02,中京,日,8.0,ワイド,12―15,500.0,―,―,0.0,0.0
20260322,47.0,1.0,中京,日,9.0,単勝,02,1000.0,―,―,0.0,0.0
20260322,47.0,01,中京,日,9.0,単勝,02,1000.0,―,―,0.0,0.0
20260322,48.0,1.0,中山,日,9.0,単勝,13,1000.0,的中13,290,2900.0,0.0
20260322,48.0,01,中山,日,9.0,単勝,13,1000.0,的中13,290,2900.0,0.0
20260322,49.0,1.0,阪神,日,9.0,単勝,04,1000.0,的中04,210,2100.0,0.0
20260322,49.0,01,阪神,日,9.0,単勝,04,1000.0,的中04,210,2100.0,0.0
20260322,50.0,1.0,中京,日,10.0,単勝,10,1000.0,―,―,0.0,0.0
20260322,50.0,2.0,中京,日,10.0,複勝,10,1000.0,―,―,0.0,0.0
20260322,50.0,3.0,中京,日,10.0,ワイド,06―10,500.0,―,―,0.0,0.0
20260322,50.0,01,中京,日,10.0,単勝,10,1000.0,―,―,0.0,0.0
20260322,50.0,02,中京,日,10.0,複勝,10,1000.0,―,―,0.0,0.0
20260322,50.0,03,中京,日,10.0,ワイド,06―10,500.0,―,―,0.0,0.0
20260322,51.0,1.0,中山,日,10.0,ワイド,05―08,1000.0,―,―,0.0,0.0
20260322,51.0,01,中山,日,10.0,ワイド,05―08,1000.0,―,―,0.0,0.0
20260322,52.0,1.0,阪神,日,10.0,単勝,11,1000.0,―,―,0.0,0.0
20260322,52.0,2.0,阪神,日,10.0,複勝,11,1000.0,―,―,0.0,0.0
20260322,52.0,01,阪神,日,10.0,単勝,11,1000.0,―,―,0.0,0.0
20260322,52.0,02,阪神,日,10.0,複勝,11,1000.0,―,―,0.0,0.0
20260322,53.0,1.0,中京,日,11.0,単勝,01,500.0,―,―,0.0,0.0
20260322,53.0,2.0,中京,日,11.0,単勝,05,500.0,―,―,0.0,0.0
20260322,53.0,3.0,中京,日,11.0,馬連フォーメーション,01；05／01；02；05；06；07；10；16,1100.0,―,―,0.0,0.0
20260322,53.0,4.0,中京,日,11.0,ワイド,01―05,1000.0,―,―,0.0,0.0
20260322,53.0,01,中京,日,11.0,単勝,01,500.0,―,―,0.0,0.0
20260322,53.0,02,中京,日,11.0,単勝,05,500.0,―,―,0.0,0.0
20260322,53.0,03,中京,日,11.0,馬連フォーメーション,01；05／01；02；05；06；07；10；16,1100.0,―,―,0.0,0.0
20260322,53.0,04,中京,日,11.0,ワイド,01―05,1000.0,―,―,0.0,0.0
20260322,54.0,1.0,中山,日,11.0,単勝,07,1000.0,―,―,0.0,0.0
20260322,54.0,2.0,中山,日,11.0,ワイド,06―07,1000.0,―,―,0.0,0.0
20260322,54.0,3.0,中山,日,11.0,3連複フォーメーション,07／03；06；09；10；14／03；06；09；10；14,1000.0,―,―,0.0,0.0
20260322,54.0,01,中山,日,11.0,単勝,07,1000.0,―,―,0.0,0.0
20260322,54.0,02,中山,日,11.0,ワイド,06―07,1000.0,―,―,0.0,0.0
20260322,54.0,03,中山,日,11.0,3連複フォーメーション,07／03；06；09；10；14／03；06；09；10；14,1000.0,―,―,0.0,0.0
20260322,55.0,1.0,阪神,日,11.0,単勝,05,1000.0,―,―,0.0,0.0
20260322,55.0,2.0,阪神,日,11.0,3連単フォーメーション,05／03；06／01；03；04；05；06；07,800.0,―,―,0.0,0.0
20260322,55.0,01,阪神,日,11.0,単勝,05,1000.0,―,―,0.0,0.0
20260322,55.0,02,阪神,日,11.0,3連単フォーメーション,05／03；06／01；03；04；05；06；07,800.0,―,―,0.0,0.0
20260322,56.0,1.0,阪神,日,11.0,馬連,05―06,1000.0,―,―,0.0,0.0
20260322,56.0,01,阪神,日,11.0,馬連,05―06,1000.0,―,―,0.0,0.0
20260322,57.0,1.0,中山,日,12.0,ワイド,07―14,600.0,―,―,0.0,0.0
20260322,57.0,01,中山,日,12.0,ワイド,07―14,600.0,―,―,0.0,0.0
20260322,58.0,1.0,阪神,日,12.0,単勝,01,1000.0,―,―,0.0,0.0
20260322,58.0,01,阪神,日,12.0,単勝,01,1000.0,―,―,0.0,0.0
20260328,1.0,01,中山,土,1.0,単勝,09,200.0,的中09,410,820.0,0.0
20260328,1.0,02,中山,土,1.0,複勝,09,300.0,的中09,120,360.0,0.0
20260328,2.0,01,中京,土,2.0,単勝,06,200.0,―,―,0.0,0.0
20260328,2.0,02,中京,土,2.0,複勝,06,300.0,―,―,0.0,0.0
20260328,3.0,01,中山,土,2.0,単勝,07,1000.0,―,―,0.0,0.0
20260328,4.0,01,中京,土,3.0,単勝,07,200.0,―,―,0.0,0.0
20260328,4.0,02,中京,土,3.0,複勝,07,300.0,―,―,0.0,0.0
20260328,5.0,01,阪神,土,3.0,単勝,02,2000.0,的中02,470,9400.0,0.0
20260328,6.0,01,中京,土,4.0,単勝,09,200.0,的中09,590,1180.0,0.0
20260328,6.0,02,中京,土,4.0,複勝,09,300.0,的中09,160,480.0,0.0
20260328,7.0,01,阪神,土,4.0,単勝,08,200.0,―,―,0.0,0.0
20260328,7.0,02,阪神,土,4.0,複勝,08,300.0,―,―,0.0,0.0
20260328,8.0,01,中山,土,4.0,単勝,09,200.0,―,―,0.0,0.0
20260328,8.0,02,中山,土,4.0,複勝,09,300.0,的中09,170,510.0,0.0
20260328,9.0,01,中山,土,5.0,単勝,10,300.0,的中10,300,900.0,0.0
20260328,10.0,01,中京,土,6.0,単勝,05,300.0,―,―,0.0,0.0
20260328,11.0,01,中京,土,7.0,単勝,08,300.0,―,―,0.0,0.0
20260328,11.0,02,中京,土,7.0,複勝,08,300.0,―,―,0.0,0.0
20260328,12.0,01,阪神,土,7.0,単勝,07,300.0,―,―,0.0,0.0
20260328,13.0,01,中京,土,8.0,単勝,10,1000.0,―,―,0.0,0.0
20260328,13.0,02,中京,土,8.0,ワイド,08―10,1000.0,―,―,0.0,0.0
20260328,14.0,01,中山,土,11.0,3連複フォーメーション,01／05；10；15／01；02；05；06；07；10；11；14；15,1800.0,的中01―14―15,3560,3560.0,0.0
20260328,15.0,01,阪神,土,11.0,単勝,06,1000.0,―,―,0.0,0.0
20260328,16.0,01,阪神,土,10.0,単勝,11,300.0,的中11,340,1020.0,0.0
20260329,17.0,01,阪神,日,1.0,ワイド,03―05,1000.0,―,―,0.0,0.0
20260329,18.0,01,中山,日,1.0,単勝,07,500.0,―,―,0.0,0.0
20260329,18.0,02,中山,日,1.0,ワイド,01―07,500.0,―,―,0.0,0.0
20260329,19.0,01,中京,日,1.0,馬連,06―12,400.0,―,―,0.0,0.0
20260329,19.0,02,中京,日,1.0,ワイド,06―12,600.0,―,―,0.0,0.0
20260329,20.0,01,阪神,日,2.0,単勝,06,300.0,―,―,0.0,0.0
20260329,20.0,02,阪神,日,2.0,馬連,03―06,500.0,的中03―06,210,1050.0,0.0
20260329,21.0,01,中山,日,2.0,馬連,04―15,500.0,―,―,0.0,0.0
20260329,21.0,02,中山,日,2.0,ワイド,04―15,500.0,―,―,0.0,0.0
20260329,22.0,01,阪神,日,3.0,単勝,03,2000.0,―,―,0.0,0.0
20260329,23.0,01,中京,日,2.0,単勝,10,300.0,―,―,0.0,0.0
20260329,24.0,01,阪神,日,4.0,単勝,08,2000.0,―,―,0.0,0.0
20260329,25.0,01,中山,日,4.0,単勝,13,300.0,―,―,0.0,0.0
20260329,25.0,02,中山,日,4.0,単勝,02,500.0,―,―,0.0,0.0
20260329,25.0,03,中山,日,4.0,馬連,02―13,200.0,―,―,0.0,0.0
20260329,25.0,04,中山,日,4.0,ワイド,02―13,500.0,―,―,0.0,0.0
20260329,26.0,01,中京,日,4.0,単勝,06,1000.0,返還06,―,0.0,1000.0
20260329,27.0,01,阪神,日,5.0,単勝,05,300.0,的中05,310,930.0,0.0
20260329,27.0,02,阪神,日,5.0,馬連,05―07,500.0,―,―,0.0,0.0
20260329,28.0,01,中京,日,7.0,単勝,04,1000.0,―,―,0.0,0.0
20260329,29.0,01,阪神,日,11.0,単勝,06,1000.0,的中06,280,2800.0,0.0
20260329,30.0,01,阪神,日,10.0,単勝,03,1000.0,―,―,0.0,0.0
20260329,31.0,01,中京,日,6.0,単勝,04,500.0,―,―,0.0,0.0
20260329,31.0,02,中京,日,6.0,馬連,04―10,300.0,―,―,0.0,0.0
20260329,31.0,03,中京,日,6.0,ワイド,04―10,700.0,―,―,0.0,0.0
20260329,32.0,01,中京,日,9.0,単勝,10,1000.0,―,―,0.0,0.0
20260329,33.0,01,中山,日,10.0,単勝,06,1000.0,―,―,0.0,0.0
20260329,34.0,01,中京,日,10.0,ワイド,10―15,1000.0,―,―,0.0,0.0
20260329,35.0,01,阪神,日,11.0,馬連,06―09,1000.0,―,―,0.0,0.0
20260329,35.0,02,阪神,日,11.0,3連複フォーメーション,06／09／03；04；05；06；07；09；12,500.0,―,―,0.0,0.0
20260329,35.0,03,阪神,日,11.0,3連単フォーメーション,06／09／03；04；05；06；07；09；12,500.0,―,―,0.0,0.0
20260329,36.0,01,中山,日,11.0,馬単ＢＯＸ,04；06；07；09,2400.0,―,―,0.0,0.0
20260329,36.0,02,中山,日,11.0,3連複フォーメーション,09／04；06；07／02；04；05；06；07；09；13,1200.0,―,―,0.0,0.0
20260329,37.0,01,中京,日,11.0,ワイド,09―10,3100.0,―,―,0.0,0.0
20260329,37.0,02,中京,日,11.0,3連複フォーメーション,09／01；10；13／01；08；09；10；11；12；13；15；17；18,2100.0,―,―,0.0,0.0
20260329,37.0,03,中京,日,11.0,3連単フォーメーション,01；10；13／09／01；08；09；10；11；12；13；15；17；18,2400.0,―,―,0.0,0.0
20260329,37.0,04,中京,日,11.0,3連単フォーメーション,09／01；10；13／01；08；09；10；11；12；13；15；17；18,2400.0,―,―,0.0,0.0
20260329,38.0,01,阪神,日,12.0,単勝,08,2000.0,―,―,0.0,0.0
20260329,38.0,02,阪神,日,12.0,3連複フォーメーション,08／05；15／04；05；08；10；13；15；16,1800.0,―,―,0.0,0.0
20260329,38.0,03,阪神,日,12.0,3連単フォーメーション,08／05；08；10；13；15／05；08；10；13；15,1200.0,―,―,0.0,0.0
20260329,39.0,01,中山,日,12.0,ワイド,07―09,900.0,―,―,0.0,0.0
